name,url
7days,https://texcare.messefrankfurt.com/frankfurt/en/exhibitor-search.detail.html/sd-workwear-gmbh.html#exhibitorheadline
A 13 S.r.l.,https://texcare.messefrankfurt.com/frankfurt/en/exhibitor-search.detail.html/a-13-srl.html#exhibitorheadline
Abg Systems Spa,https://texcare.messefrankfurt.com/frankfurt/en/exhibitor-search.detail.html/abg-systems-spa.html#exhibitorheadline
ABS Laundry Business Solutions,https://texcare.messefrankfurt.com/frankfurt/en/exhibitor-search.detail.html/abs-holding-international-bv.html#exhibitorheadline
ABZ Zierler Gesellschaft m.b.H. & Co KG,https://texcare.messefrankfurt.com/frankfurt/en/exhibitor-search.detail.html/abz-zierler-gesellschaft-mbh--co-kg.html#exhibitorheadline
Adamjee Textile Mills (Pvt) Ltd.,https://texcare.messefrankfurt.com/frankfurt/en/exhibitor-search.detail.html/adamjee-textile-mills-pvt-ltd.html#exhibitorheadline
AdvanTex Software GmbH & Co. KG,https://texcare.messefrankfurt.com/frankfurt/en/exhibitor-search.detail.html/advantex-software-gmbh--co-kg.html#exhibitorheadline
Adwaith Lakshmi Industries Private Limited,https://texcare.messefrankfurt.com/frankfurt/en/exhibitor-search.detail.html/adwaith-lakshmi-industries-pvt-ltd.html#exhibitorheadline
"AGA TECH, SRL",https://texcare.messefrankfurt.com/frankfurt/en/exhibitor-search.detail.html/aga-tech-srl.html#exhibitorheadline
Airwallet ApS,https://texcare.messefrankfurt.com/frankfurt/en/exhibitor-search.detail.html/airwallet-aps.html#exhibitorheadline
Alliance Laundry CE s.r.o.,https://texcare.messefrankfurt.com/frankfurt/en/exhibitor-search.detail.html/alliance-laundry-ce-sro.html#exhibitorheadline
Al Raheem Textile,https://texcare.messefrankfurt.com/frankfurt/en/exhibitor-search.detail.html/al-raheem-textile.html#exhibitorheadline
Alumichem A/S,https://texcare.messefrankfurt.com/frankfurt/en/exhibitor-search.detail.html/alumichem-as.html#exhibitorheadline
ALVI Officine Meccaniche Edgardo Viazzo & C. Srl,https://texcare.messefrankfurt.com/frankfurt/en/exhibitor-search.detail.html/alvi-officine-meccaniche-edgardo-viazzo--c-srl.html#exhibitorheadline
AquaRecycle LLC,https://texcare.messefrankfurt.com/frankfurt/en/exhibitor-search.detail.html/aquarecycle-llc.html#exhibitorheadline
Aquatherm International Ltd.,https://texcare.messefrankfurt.com/frankfurt/en/exhibitor-search.detail.html/aquatherm-international-ltd.html#exhibitorheadline
"Asociace pr?delen a cistiren CR, z. s.",https://texcare.messefrankfurt.com/frankfurt/en/exhibitor-search.detail.html/asociace-prdelen-a-cistiren-cr-z-s.html#exhibitorheadline
Assosistema Servizi Srl,https://texcare.messefrankfurt.com/frankfurt/en/exhibitor-search.detail.html/assosistema-servizi-srl.html#exhibitorheadline
ATS-Tanner Banding Systems AG,https://texcare.messefrankfurt.com/frankfurt/en/exhibitor-search.detail.html/ats-tanner-banding-systems-ag.html#exhibitorheadline
aurora Objektw?sche GmbH,https://texcare.messefrankfurt.com/frankfurt/en/exhibitor-search.detail.html/aurora-objektwaesche-gmbh.html#exhibitorheadline
AUS Tekstil San. ve Tic. Ltd. Sti.,https://texcare.messefrankfurt.com/frankfurt/en/exhibitor-search.detail.html/aus-tekstil-sanve-tic-ltd-sti.html#exhibitorheadline
Bandall BV,https://texcare.messefrankfurt.com/frankfurt/en/exhibitor-search.detail.html/bandall-bv.html#exhibitorheadline
BARBANTI S.r.l.,https://texcare.messefrankfurt.com/frankfurt/en/exhibitor-search.detail.html/barbanti-srl.html#exhibitorheadline
Battistella B.G. S.r.l.,https://texcare.messefrankfurt.com/frankfurt/en/exhibitor-search.detail.html/battistella-bg-srl.html#exhibitorheadline
Beirholms Vaeverier A/S,https://texcare.messefrankfurt.com/frankfurt/en/exhibitor-search.detail.html/beirholms-vaeverier-as.html#exhibitorheadline
bellanet GmbH,https://texcare.messefrankfurt.com/frankfurt/en/exhibitor-search.detail.html/bellanet-gmbh.html#exhibitorheadline
Berufsgenossenschaft Energie Textil Elektro Medienerzeugnisse-BG ETEM,https://texcare.messefrankfurt.com/frankfurt/en/exhibitor-search.detail.html/berufsgenossenschaft-energie-textil-elektro-medienerzeugnisse-bg-etem.html#exhibitorheadline
Bieffe SRL,https://texcare.messefrankfurt.com/frankfurt/en/exhibitor-search.detail.html/bieffe-srl-unipersonale.html#exhibitorheadline
BIKO Engineering AG,https://texcare.messefrankfurt.com/frankfurt/en/exhibitor-search.detail.html/biko-engineering-ag.html#exhibitorheadline
BKS Fabrics Private Limited,https://texcare.messefrankfurt.com/frankfurt/en/exhibitor-search.detail.html/bkstextiles-pvt-ltd.html#exhibitorheadline
B?WE Textile Cleaning GmbH,https://texcare.messefrankfurt.com/frankfurt/en/exhibitor-search.detail.html/boewe-textile-cleaning-gmbh.html#exhibitorheadline
Boldoduc Sas,https://texcare.messefrankfurt.com/frankfurt/en/exhibitor-search.detail.html/boldoduc-sas.html#exhibitorheadline
Brentareno Srl,https://texcare.messefrankfurt.com/frankfurt/en/exhibitor-search.detail.html/brentareno-srl.html#exhibitorheadline
Brightwell GmbH,https://texcare.messefrankfurt.com/frankfurt/en/exhibitor-search.detail.html/brightwell-dispensers-gmbh.html#exhibitorheadline
B?FA Cleaning GmbH & Co. KG,https://texcare.messefrankfurt.com/frankfurt/en/exhibitor-search.detail.html/buefa-cleaning-gmbh--co-kg.html#exhibitorheadline
Burnus Professional GmbH & Co. KG,https://texcare.messefrankfurt.com/frankfurt/en/exhibitor-search.detail.html/burnus-professional-gmbh--co-kg.html#exhibitorheadline
CACHET,https://texcare.messefrankfurt.com/frankfurt/en/exhibitor-search.detail.html/avian-tekstil-gida-turizm-ticaret-as.html#exhibitorheadline
CARTESIA SRL,https://texcare.messefrankfurt.com/frankfurt/en/exhibitor-search.detail.html/cartesia-srl.html#exhibitorheadline
Catinet Innovation SL,https://texcare.messefrankfurt.com/frankfurt/en/exhibitor-search.detail.html/catinet-innovation-sl.html#exhibitorheadline
CBA Machines,https://texcare.messefrankfurt.com/frankfurt/en/exhibitor-search.detail.html/consultancebureau-arno-nv.html#exhibitorheadline
Cdf Systems,https://texcare.messefrankfurt.com/frankfurt/en/exhibitor-search.detail.html/cdf-systems.html#exhibitorheadline
Chainge,https://texcare.messefrankfurt.com/frankfurt/en/exhibitor-search.detail.html/chainge.html#exhibitorheadline
Christeyns N.V.,https://texcare.messefrankfurt.com/frankfurt/en/exhibitor-search.detail.html/christeyns-nv.html#exhibitorheadline
CHT Germany GmbH,https://texcare.messefrankfurt.com/frankfurt/en/exhibitor-search.detail.html/cht-germany-gmbh.html#exhibitorheadline
"Jiangsu Chuandao Washing Machinery Technology Co., Ltd.",https://texcare.messefrankfurt.com/frankfurt/en/exhibitor-search.detail.html/jiangsu-chuandao-washing-machinery-technology-co-ltd.html#exhibitorheadline
Cibutex B.V.,https://texcare.messefrankfurt.com/frankfurt/en/exhibitor-search.detail.html/cibutex-bv.html#exhibitorheadline
CKSQUARE Sarl.,https://texcare.messefrankfurt.com/frankfurt/en/exhibitor-search.detail.html/cksquare-sarl.html#exhibitorheadline
CLEANCLOUD LTD,https://texcare.messefrankfurt.com/frankfurt/en/exhibitor-search.detail.html/cleancloud-ltd.html#exhibitorheadline
Clinotest GmbH Die textile Company,https://texcare.messefrankfurt.com/frankfurt/en/exhibitor-search.detail.html/clinotest-gmbh-die-textile-company.html#exhibitorheadline
CLMTexfinity NV,https://texcare.messefrankfurt.com/frankfurt/en/exhibitor-search.detail.html/texfinity-nv.html#exhibitorheadline
CM2W AD,https://texcare.messefrankfurt.com/frankfurt/en/exhibitor-search.detail.html/cm2w-ad.html#exhibitorheadline
"Colmac Industries, Inc.",https://texcare.messefrankfurt.com/frankfurt/en/exhibitor-search.detail.html/colmac-industries-inc.html#exhibitorheadline
Conf Industries S.r.l.,https://texcare.messefrankfurt.com/frankfurt/en/exhibitor-search.detail.html/conf-industries-srl.html#exhibitorheadline
"Pujiang County Ainuo Industry & Trade Co., Ltd.",https://texcare.messefrankfurt.com/frankfurt/en/exhibitor-search.detail.html/pujiang-county-ainuo-industry--trade-co-ltd.html#exhibitorheadline
Damino GmbH,https://texcare.messefrankfurt.com/frankfurt/en/exhibitor-search.detail.html/damino-gmbh.html#exhibitorheadline
Dante Bertoni S.r.l.,https://texcare.messefrankfurt.com/frankfurt/en/exhibitor-search.detail.html/dante-bertoni-srl.html#exhibitorheadline
Danube International SAS,https://texcare.messefrankfurt.com/frankfurt/en/exhibitor-search.detail.html/danube-international-sarl.html#exhibitorheadline
Datamars SA,https://texcare.messefrankfurt.com/frankfurt/en/exhibitor-search.detail.html/datamars-sa.html#exhibitorheadline
deister electronic GmbH,https://texcare.messefrankfurt.com/frankfurt/en/exhibitor-search.detail.html/deister-electronic-gmbh.html#exhibitorheadline
Desion GmbH,https://texcare.messefrankfurt.com/frankfurt/en/exhibitor-search.detail.html/desion-gmbh.html#exhibitorheadline
Deutscher Textilreinigungs-Verband e.V. (DTV),https://texcare.messefrankfurt.com/frankfurt/en/exhibitor-search.detail.html/europaeische-textilreiniger--wirtschafts--gesellschaft-mbh-etwg.html#exhibitorheadline
Devan Chemicals NV,https://texcare.messefrankfurt.com/frankfurt/en/exhibitor-search.detail.html/devan-chemicals-nv.html#exhibitorheadline
De Witte Lietaer International Textiles NV,https://texcare.messefrankfurt.com/frankfurt/en/exhibitor-search.detail.html/de-witte-lietaer-international-textiles-nv.html#exhibitorheadline
Dexter Laundry Inc.,https://texcare.messefrankfurt.com/frankfurt/en/exhibitor-search.detail.html/dexter-laundry-inc.html#exhibitorheadline
Dibella B.V.,https://texcare.messefrankfurt.com/frankfurt/en/exhibitor-search.detail.html/dibella-bv.html#exhibitorheadline
Karl Dieckhoff GmbH & Co. KG,https://texcare.messefrankfurt.com/frankfurt/en/exhibitor-search.detail.html/karl-dieckhoff-gmbh--co-kg.html#exhibitorheadline
"D.J. Giancola Exports, Inc.",https://texcare.messefrankfurt.com/frankfurt/en/exhibitor-search.detail.html/dj-giancola-exports-inc.html#exhibitorheadline
DOMUS LAUNDRY,https://texcare.messefrankfurt.com/frankfurt/en/exhibitor-search.detail.html/domus-laundry.html#exhibitorheadline
DR. SCHNELL GmbH & Co. KGaA,https://texcare.messefrankfurt.com/frankfurt/en/exhibitor-search.detail.html/dr-schnell-chemie-gmbh--co-kg.html#exhibitorheadline
D?chting Software & Consulting GmbH,https://texcare.messefrankfurt.com/frankfurt/en/exhibitor-search.detail.html/duechting-software--consulting-gmbh.html#exhibitorheadline
DYNIC (UK) LTD,https://texcare.messefrankfurt.com/frankfurt/en/exhibitor-search.detail.html/dynic-uk-ltd.html#exhibitorheadline
Eco Impact B?gelsysteme GmbH,https://texcare.messefrankfurt.com/frankfurt/en/exhibitor-search.detail.html/eco-impact-buegelsysteme-gmbh.html#exhibitorheadline
Ecolab Europe GmbH,https://texcare.messefrankfurt.com/frankfurt/en/exhibitor-search.detail.html/ecolab-europe-gmbh.html#exhibitorheadline
Electrolux Professional AB (publ),https://texcare.messefrankfurt.com/frankfurt/en/exhibitor-search.detail.html/electrolux-professional-ab-publ.html#exhibitorheadline
EMCO Bautechnik GmbH,https://texcare.messefrankfurt.com/frankfurt/en/exhibitor-search.detail.html/emco-bautechnik-gmbh.html#exhibitorheadline
Energenics Corporation,https://texcare.messefrankfurt.com/frankfurt/en/exhibitor-search.detail.html/energenics-corporation.html#exhibitorheadline
A. Essak & Sons Home Textiles,https://texcare.messefrankfurt.com/frankfurt/en/exhibitor-search.detail.html/a-essak--sons-home-textiles.html#exhibitorheadline
European Textile Services Association ASBL - (ETSA),https://texcare.messefrankfurt.com/frankfurt/en/exhibitor-search.detail.html/european-textile-services-association-asbl---etsa.html#exhibitorheadline
"Everstrong Commercial Products, LLC",https://texcare.messefrankfurt.com/frankfurt/en/exhibitor-search.detail.html/everstrong-commercial-products-llc.html#exhibitorheadline
EXPO DETERGO S.r.l.,https://texcare.messefrankfurt.com/frankfurt/en/exhibitor-search.detail.html/expo-detergo-srl.html#exhibitorheadline
Fagor Professional,https://texcare.messefrankfurt.com/frankfurt/en/exhibitor-search.detail.html/fagor-industrial-s-coop.html#exhibitorheadline
Famateks Tekstil Paz. San. ve Tic. Ltd. Sti.,https://texcare.messefrankfurt.com/frankfurt/en/exhibitor-search.detail.html/famateks-tekstil-paz-san-ve-tic-ltd-sti.html#exhibitorheadline
F.B. Italy di Fabio Bruno,https://texcare.messefrankfurt.com/frankfurt/en/exhibitor-search.detail.html/fb-italy-di-fabio-bruno.html#exhibitorheadline
Federatie Textielbeheer Nederland,https://texcare.messefrankfurt.com/frankfurt/en/exhibitor-search.detail.html/vereniging-federatie-textielbeheer-nederland.html#exhibitorheadline
Federatie van de Belgische Textielverzorging,https://texcare.messefrankfurt.com/frankfurt/en/exhibitor-search.detail.html/federatie-van-de-belgische-textielverzorging.html#exhibitorheadline
Fenotag SAS,https://texcare.messefrankfurt.com/frankfurt/en/exhibitor-search.detail.html/fenotag-sas.html#exhibitorheadline
FETCHTECH PTE LTD,https://texcare.messefrankfurt.com/frankfurt/en/exhibitor-search.detail.html/fetchtech-pte-ltd.html#exhibitorheadline
Fimas S.r.l.,https://texcare.messefrankfurt.com/frankfurt/en/exhibitor-search.detail.html/fimas-srl.html#exhibitorheadline
FINTEC Textilpflegesysteme GmbH,https://texcare.messefrankfurt.com/frankfurt/en/exhibitor-search.detail.html/fintec-textilpflegesysteme-gmbh.html#exhibitorheadline
FIRBIMATIC,https://texcare.messefrankfurt.com/frankfurt/en/exhibitor-search.detail.html/firbimatic.html#exhibitorheadline
Flexco Europe GmbH,https://texcare.messefrankfurt.com/frankfurt/en/exhibitor-search.detail.html/flexco-europe-gmbh.html#exhibitorheadline
Floringo GmbH,https://texcare.messefrankfurt.com/frankfurt/en/exhibitor-search.detail.html/floringo-gmbh.html#exhibitorheadline
Foltex B.V.,https://texcare.messefrankfurt.com/frankfurt/en/exhibitor-search.detail.html/foltex-bv.html#exhibitorheadline
Fristads GmbH,https://texcare.messefrankfurt.com/frankfurt/en/exhibitor-search.detail.html/fristads-gmbh.html#exhibitorheadline
Industria Tessile Gastaldi E C. S.P.A.,https://texcare.messefrankfurt.com/frankfurt/en/exhibitor-search.detail.html/industria-tessile-gastaldi-e-c-spa.html#exhibitorheadline
Gesamtverband der deutschen Textil- und Modeindustrie e.V.,https://texcare.messefrankfurt.com/frankfurt/en/exhibitor-search.detail.html/gesamtverband-der-deutschen-textil--und-modeindustrie-ev.html#exhibitorheadline
Ghidini Benvenuto Srl,https://texcare.messefrankfurt.com/frankfurt/en/exhibitor-search.detail.html/ghidini-benvenuto-srl.html#exhibitorheadline
Girbau S.A.,https://texcare.messefrankfurt.com/frankfurt/en/exhibitor-search.detail.html/girbau-sa.html#exhibitorheadline
GOLDECK TEXTIL GMBH,https://texcare.messefrankfurt.com/frankfurt/en/exhibitor-search.detail.html/goldeck-textil-gmbh.html#exhibitorheadline
Gotli Labs AG,https://texcare.messefrankfurt.com/frankfurt/en/exhibitor-search.detail.html/gotli-labs-ag.html#exhibitorheadline
Machinefabriek Goudkuil Apeldoorn B. V.,https://texcare.messefrankfurt.com/frankfurt/en/exhibitor-search.detail.html/machinefabriek-goudkuil-apeldoorn-b-v.html#exhibitorheadline
Grandimpianti I.L.E. ALI Group S.r.l. a Socio Unico,https://texcare.messefrankfurt.com/frankfurt/en/exhibitor-search.detail.html/grandimpianti-ile-aligroup-srl-a-socio-unico.html#exhibitorheadline
GreenEarth Cleaning,https://texcare.messefrankfurt.com/frankfurt/en/exhibitor-search.detail.html/greenearth-cleaning.html#exhibitorheadline
Green Workwear GmbH,https://texcare.messefrankfurt.com/frankfurt/en/exhibitor-search.detail.html/green-workwear-gmbh.html#exhibitorheadline
"Shandong Guangtai Environmental Technology Co., Ltd",https://texcare.messefrankfurt.com/frankfurt/en/exhibitor-search.detail.html/shandong-guangtai-environmental-technology-co-ltd.html#exhibitorheadline
G?tegemeinschaft Verantwortungsvoller Textilservice e.V.,https://texcare.messefrankfurt.com/frankfurt/en/exhibitor-search.detail.html/guetegemeinschaft-verantwortungsvoller-textilservice-ev.html#exhibitorheadline
Haghofer GmbH,https://texcare.messefrankfurt.com/frankfurt/en/exhibitor-search.detail.html/haghofer-gmbh.html#exhibitorheadline
Hamat B.V.,https://texcare.messefrankfurt.com/frankfurt/en/exhibitor-search.detail.html/hamat-bv.html#exhibitorheadline
hawo GmbH,https://texcare.messefrankfurt.com/frankfurt/en/exhibitor-search.detail.html/hawo-gmbh.html#exhibitorheadline
Hayikama Makine Ith. Ihr. San. ve Tic. LTD,https://texcare.messefrankfurt.com/frankfurt/en/exhibitor-search.detail.html/hayikama-makine-hali-yikama-ithalat-ihracat-sanayi-ve-ticaret-limited-sirketi.html#exhibitorheadline
HeBeTec W?schereitechnik und Service GmbH,https://texcare.messefrankfurt.com/frankfurt/en/exhibitor-search.detail.html/hebetec-waeschereitechnik-und-service-gmbh.html#exhibitorheadline
HeboVanDijk B.V. - Concept & Contract Textiles,https://texcare.messefrankfurt.com/frankfurt/en/exhibitor-search.detail.html/hebovandijk-bv.html#exhibitorheadline
Gebr. Heinemann GmbH & Co. KG,https://texcare.messefrankfurt.com/frankfurt/en/exhibitor-search.detail.html/gebr-heinemann-gmbh--co-kg.html#exhibitorheadline
henning Datentechnik GmbH,https://texcare.messefrankfurt.com/frankfurt/en/exhibitor-search.detail.html/henning-datentechnik-gmbh-1.html#exhibitorheadline
HEPROTEX Maschinen GmbH,https://texcare.messefrankfurt.com/frankfurt/en/exhibitor-search.detail.html/heprotex-maschinen-gmbh.html#exhibitorheadline
HID,https://texcare.messefrankfurt.com/frankfurt/en/exhibitor-search.detail.html/hid-corporation-ltd.html#exhibitorheadline
Hohenstein Laboratories GmbH & Co. KG,https://texcare.messefrankfurt.com/frankfurt/en/exhibitor-search.detail.html/hohenstein-laboratories-gmbh--co-kg.html#exhibitorheadline
Holzmann Medien GmbH & Co. KG,https://texcare.messefrankfurt.com/frankfurt/en/exhibitor-search.detail.html/holzmann-medien-gmbh--co-kg.html#exhibitorheadline
HUAYUAN Tech GmbH,https://texcare.messefrankfurt.com/frankfurt/en/exhibitor-search.detail.html/huayuan-tech-gmbh.html#exhibitorheadline
"Huibu (Shanghai) Industrial Co., Ltd.",https://texcare.messefrankfurt.com/frankfurt/en/exhibitor-search.detail.html/huibu-shanghai-industrial-co-ltd.html#exhibitorheadline
HUQAS APPAREL,https://texcare.messefrankfurt.com/frankfurt/en/exhibitor-search.detail.html/huqas-apparel.html#exhibitorheadline
HUTCHINSON,https://texcare.messefrankfurt.com/frankfurt/en/exhibitor-search.detail.html/hutchinson-snc.html#exhibitorheadline
Ideal Fashion Industries,https://texcare.messefrankfurt.com/frankfurt/en/exhibitor-search.detail.html/ideal-fashion-industries.html#exhibitorheadline
Ihsan Cotton Products (Pvt.) Ltd.,https://texcare.messefrankfurt.com/frankfurt/en/exhibitor-search.detail.html/ihsan-cotton-products-pvt-ltd.html#exhibitorheadline
IMAGE LAUNDRY SYSTEMS,https://texcare.messefrankfurt.com/frankfurt/en/exhibitor-search.detail.html/accurate-technologies-co-ltd.html#exhibitorheadline
IMESA S.p.A.,https://texcare.messefrankfurt.com/frankfurt/en/exhibitor-search.detail.html/imesa-spa.html#exhibitorheadline
Indemac S.r.l.,https://texcare.messefrankfurt.com/frankfurt/en/exhibitor-search.detail.html/indemac-srl.html#exhibitorheadline
Innovation Script UAB,https://texcare.messefrankfurt.com/frankfurt/en/exhibitor-search.detail.html/innovation-script-uab.html#exhibitorheadline
Italclean S.r.l.,https://texcare.messefrankfurt.com/frankfurt/en/exhibitor-search.detail.html/italclean-srl.html#exhibitorheadline
JENSEN-GROUP,https://texcare.messefrankfurt.com/frankfurt/en/exhibitor-search.detail.html/jensen-group.html#exhibitorheadline
"JFC Manufacturing Co., Ltd.",https://texcare.messefrankfurt.com/frankfurt/en/exhibitor-search.detail.html/jfc-manufacturing-co-ltd.html#exhibitorheadline
"Shanghai Jiayulian Technology Co., Ltd.",https://texcare.messefrankfurt.com/frankfurt/en/exhibitor-search.detail.html/shanghai-jiayulian-technology-co-ltd.html#exhibitorheadline
J.K. Spinning Mills Limited,https://texcare.messefrankfurt.com/frankfurt/en/exhibitor-search.detail.html/jk-spinning-mills-limited.html#exhibitorheadline
"JLT Co., Ltd.",https://texcare.messefrankfurt.com/frankfurt/en/exhibitor-search.detail.html/jlt-co-ltd.html#exhibitorheadline
Jumag Dampferzeuger GmbH,https://texcare.messefrankfurt.com/frankfurt/en/exhibitor-search.detail.html/jumag-dampferzeuger-gmbh.html#exhibitorheadline
Herbert Kannegiesser GmbH,https://texcare.messefrankfurt.com/frankfurt/en/exhibitor-search.detail.html/herbert-kannegiesser-gmbh.html#exhibitorheadline
Kegel-Blazusiak Trade Sp. z o.o. Sp. K.,https://texcare.messefrankfurt.com/frankfurt/en/exhibitor-search.detail.html/kegel-blazusiak-trade-sp-z-oo-sp-k.html#exhibitorheadline
KEMAS GmbH,https://texcare.messefrankfurt.com/frankfurt/en/exhibitor-search.detail.html/kemas-gesellschaft-fuer-elektronik-elektromechanik-mechanik-und-systeme-mbh.html#exhibitorheadline
Kentaur A/S,https://texcare.messefrankfurt.com/frankfurt/en/exhibitor-search.detail.html/kentaur-as.html#exhibitorheadline
"KioSoft Technologies, LLC",https://texcare.messefrankfurt.com/frankfurt/en/exhibitor-search.detail.html/kiosoft-technologies-llc.html#exhibitorheadline
KREBE-TIPPO d.o.o.,https://texcare.messefrankfurt.com/frankfurt/en/exhibitor-search.detail.html/krebe-tippo-doo.html#exhibitorheadline
Kreussler Textile Care,https://texcare.messefrankfurt.com/frankfurt/en/exhibitor-search.detail.html/chemische-fabrik-kreussler--co-gmbh.html#exhibitorheadline
KTS RFID S.R.L.,https://texcare.messefrankfurt.com/frankfurt/en/exhibitor-search.detail.html/kts-rfid-srl.html#exhibitorheadline
Kurtenbach GmbH & Co. KG,https://texcare.messefrankfurt.com/frankfurt/en/exhibitor-search.detail.html/kurtenbach-gmbh--co-kg.html#exhibitorheadline
Kurtz Software GmbH,https://texcare.messefrankfurt.com/frankfurt/en/exhibitor-search.detail.html/kurtz-software-gmbh.html#exhibitorheadline
LACO Machinery NV S.A.,https://texcare.messefrankfurt.com/frankfurt/en/exhibitor-search.detail.html/laco-machinery-nv-sa.html#exhibitorheadline
La Fabrica De Software y Hardware SL,https://texcare.messefrankfurt.com/frankfurt/en/exhibitor-search.detail.html/la-fabrica-de-software-y-hardware-sl.html#exhibitorheadline
Lapauw NV,https://texcare.messefrankfurt.com/frankfurt/en/exhibitor-search.detail.html/werkhuizen-lapauw-nv.html#exhibitorheadline
Laundry Dashboard B.V.,https://texcare.messefrankfurt.com/frankfurt/en/exhibitor-search.detail.html/laundry-dashboard-bv.html#exhibitorheadline
Laundry Robotics B.V.,https://texcare.messefrankfurt.com/frankfurt/en/exhibitor-search.detail.html/laundry-robotics-bv.html#exhibitorheadline
Lautratex,https://texcare.messefrankfurt.com/frankfurt/en/exhibitor-search.detail.html/lautratex-bv.html#exhibitorheadline
Lavatec Laundry Technology GmbH,https://texcare.messefrankfurt.com/frankfurt/en/exhibitor-search.detail.html/lavatec-laundry-technology-gmbh.html#exhibitorheadline
LCT-Textilligence,https://texcare.messefrankfurt.com/frankfurt/en/exhibitor-search.detail.html/laundry-computer-technics-bv.html#exhibitorheadline
LG Electronics Inc.,https://texcare.messefrankfurt.com/frankfurt/en/exhibitor-search.detail.html/lg-electronics-inc.html#exhibitorheadline
LINENTECH,https://texcare.messefrankfurt.com/frankfurt/en/exhibitor-search.detail.html/linentech-inc.html#exhibitorheadline
MACPI S.p.A. Pressing Divison,https://texcare.messefrankfurt.com/frankfurt/en/exhibitor-search.detail.html/macpi-spa-pressing-divison.html#exhibitorheadline
Maestrelli S.r.l.,https://texcare.messefrankfurt.com/frankfurt/en/exhibitor-search.detail.html/maestrelli-srl.html#exhibitorheadline
Mahaajay Spinners India Pvt. Ltd.,https://texcare.messefrankfurt.com/frankfurt/en/exhibitor-search.detail.html/mahaajay-spinners-india-pvt-ltd.html#exhibitorheadline
Maka S.r.l.,https://texcare.messefrankfurt.com/frankfurt/en/exhibitor-search.detail.html/maka-srl.html#exhibitorheadline
M+A Matting,https://texcare.messefrankfurt.com/frankfurt/en/exhibitor-search.detail.html/prestige-carpets.html#exhibitorheadline
Manara Roberto S.r.l. Unipersonale,https://texcare.messefrankfurt.com/frankfurt/en/exhibitor-search.detail.html/manara-roberto-srl-unipersonale.html#exhibitorheadline
MARK S.r.l.,https://texcare.messefrankfurt.com/frankfurt/en/exhibitor-search.detail.html/mark-srl.html#exhibitorheadline
MASA SPA - Industrie Tessili,https://texcare.messefrankfurt.com/frankfurt/en/exhibitor-search.detail.html/masa-spa---industrie-tessili.html#exhibitorheadline
Master Textile Mills Ltd.,https://texcare.messefrankfurt.com/frankfurt/en/exhibitor-search.detail.html/master-textile-mills-ltd.html#exhibitorheadline
MATO GmbH & Co. KG,https://texcare.messefrankfurt.com/frankfurt/en/exhibitor-search.detail.html/mato-gmbh--co-kg.html#exhibitorheadline
Maxi Companies Inc.,https://texcare.messefrankfurt.com/frankfurt/en/exhibitor-search.detail.html/maxi-companies-inc.html#exhibitorheadline
MAXI-PRESS Elastomertechnik GmbH,https://texcare.messefrankfurt.com/frankfurt/en/exhibitor-search.detail.html/maxi-press-elastomertechnik-gmbh.html#exhibitorheadline
Merryworks Technologies LLC,https://texcare.messefrankfurt.com/frankfurt/en/exhibitor-search.detail.html/merryworks-technologies-llc.html#exhibitorheadline
Metalprogetti S.p.A.,https://texcare.messefrankfurt.com/frankfurt/en/exhibitor-search.detail.html/metalprogetti-spa.html#exhibitorheadline
MEVO Metzler GmbH,https://texcare.messefrankfurt.com/frankfurt/en/exhibitor-search.detail.html/mevo-metzler-gmbh.html#exhibitorheadline
Micross Electronics Ltd.,https://texcare.messefrankfurt.com/frankfurt/en/exhibitor-search.detail.html/micross-electronics-ltd.html#exhibitorheadline
MIP Europe GmbH,https://texcare.messefrankfurt.com/frankfurt/en/exhibitor-search.detail.html/mip-europe-gmbh.html#exhibitorheadline
MiRiCal Emblems Ltd.,https://texcare.messefrankfurt.com/frankfurt/en/exhibitor-search.detail.html/mirical-emblems-ltd.html#exhibitorheadline
Montanari Engineering Construction S.r.l.,https://texcare.messefrankfurt.com/frankfurt/en/exhibitor-search.detail.html/montanari--engineering-construction-srl.html#exhibitorheadline
MS Group SRL a socio unico,https://texcare.messefrankfurt.com/frankfurt/en/exhibitor-search.detail.html/ms-group-srl-a-socio-unico.html#exhibitorheadline
Multimatic GmbH & Co. KG,https://texcare.messefrankfurt.com/frankfurt/en/exhibitor-search.detail.html/multimatic-gmbh--co-kg.html#exhibitorheadline
Multitex Maschinenbau GmbH,https://texcare.messefrankfurt.com/frankfurt/en/exhibitor-search.detail.html/multitex-maschinenbau-gmbh.html#exhibitorheadline
Nazu International,https://texcare.messefrankfurt.com/frankfurt/en/exhibitor-search.detail.html/nazu-international.html#exhibitorheadline
Niverplast BV,https://texcare.messefrankfurt.com/frankfurt/en/exhibitor-search.detail.html/niverplast-bv.html#exhibitorheadline
Norchem Corporation,https://texcare.messefrankfurt.com/frankfurt/en/exhibitor-search.detail.html/norchem-corporation.html#exhibitorheadline
Nuova Folati SpA,https://texcare.messefrankfurt.com/frankfurt/en/exhibitor-search.detail.html/nuova-folati-spa.html#exhibitorheadline
NYBO Workwear A/S,https://texcare.messefrankfurt.com/frankfurt/en/exhibitor-search.detail.html/nybo-workwear-as.html#exhibitorheadline
"Jinan Oasis Dry Cleaning and Laundry Equipment Co., Ltd.",https://texcare.messefrankfurt.com/frankfurt/en/exhibitor-search.detail.html/jinan-oasis-dry-cleaning-and-laundry-equipment-co-ltd.html#exhibitorheadline
?zdemir Kece San. Tic. Ltd. Sti.,https://texcare.messefrankfurt.com/frankfurt/en/exhibitor-search.detail.html/oezdemir-kece-san-tic-ltd-sti.html#exhibitorheadline
ORA,https://texcare.messefrankfurt.com/frankfurt/en/exhibitor-search.detail.html/ora-sas.html#exhibitorheadline
Ostdeutscher Textilreinigungs-Verband e.V.,https://texcare.messefrankfurt.com/frankfurt/en/exhibitor-search.detail.html/ostdeutscher-textilreinigungs-verband-ev.html#exhibitorheadline
Otto ID Solutions GmbH,https://texcare.messefrankfurt.com/frankfurt/en/exhibitor-search.detail.html/otto-id-solutions-gmbh.html#exhibitorheadline
Pallas Finish-Systeme GmbH,https://texcare.messefrankfurt.com/frankfurt/en/exhibitor-search.detail.html/pallas-finish-systeme-gmbh.html#exhibitorheadline
Parotex S.r.l.,https://texcare.messefrankfurt.com/frankfurt/en/exhibitor-search.detail.html/parotex-srl.html#exhibitorheadline
Pellerin Milnor Corporation,https://texcare.messefrankfurt.com/frankfurt/en/exhibitor-search.detail.html/pellerin-milnor-corporation.html#exhibitorheadline
Picchi s.n.c.,https://texcare.messefrankfurt.com/frankfurt/en/exhibitor-search.detail.html/picchi-snc.html#exhibitorheadline
Pir Inci Bujiteri Imalat San. Tic. A.S.,https://texcare.messefrankfurt.com/frankfurt/en/exhibitor-search.detail.html/pir-inci-bujiteri-imalat-san-tic-as.html#exhibitorheadline
polyclean24.de GmbH,https://texcare.messefrankfurt.com/frankfurt/en/exhibitor-search.detail.html/polyclean24de-gmbh.html#exhibitorheadline
POLYMARK GRAPHICS GmbH,https://texcare.messefrankfurt.com/frankfurt/en/exhibitor-search.detail.html/polymark-graphics-gmbh.html#exhibitorheadline
Polytex Technologies,https://texcare.messefrankfurt.com/frankfurt/en/exhibitor-search.detail.html/polytex-technologies-ltd.html#exhibitorheadline
"Wuhu Pono Plastics Co., Ltd.",https://texcare.messefrankfurt.com/frankfurt/en/exhibitor-search.detail.html/wuhu-pono-plastics-co-ltd.html#exhibitorheadline
Pony S.p.A.,https://texcare.messefrankfurt.com/frankfurt/en/exhibitor-search.detail.html/pony-spa.html#exhibitorheadline
Pourtex GmbH,https://texcare.messefrankfurt.com/frankfurt/en/exhibitor-search.detail.html/pourtex-gmbh.html#exhibitorheadline
Prima Folder S.r.l.,https://texcare.messefrankfurt.com/frankfurt/en/exhibitor-search.detail.html/prima-folder-srl.html#exhibitorheadline
Pulcra Chemicals GmbH,https://texcare.messefrankfurt.com/frankfurt/en/exhibitor-search.detail.html/pulcra-chemicals-gmbh.html#exhibitorheadline
PWL GmbH & Co. Anlagentechnik KG,https://texcare.messefrankfurt.com/frankfurt/en/exhibitor-search.detail.html/pwl-gmbh--co-anlagentechnik-kg.html#exhibitorheadline
Shanghai Qiaohe Industrial Co. Ltd.,https://texcare.messefrankfurt.com/frankfurt/en/exhibitor-search.detail.html/shanghai-qiaohe-industrial-co-ltd.html#exhibitorheadline
Quadus GmbH,https://texcare.messefrankfurt.com/frankfurt/en/exhibitor-search.detail.html/quadus-gmbh.html#exhibitorheadline
Radomskie Tekstylia Przemyslowe Sp. z o.o.,https://texcare.messefrankfurt.com/frankfurt/en/exhibitor-search.detail.html/radomskie-tekstylia-przemyslowe-sp-z-oo.html#exhibitorheadline
Railtechniek Van Herwijnen B.V.,https://texcare.messefrankfurt.com/frankfurt/en/exhibitor-search.detail.html/railtechniek-van-herwijnen-bv.html#exhibitorheadline
RAMPI PRODOTTI CHIMICI DI RAMPI FRANCESCO E FIGLIO PAOLO S.R.L.,https://texcare.messefrankfurt.com/frankfurt/en/exhibitor-search.detail.html/rampi-prodotti-chimici-di-rampi-francesco-e-figlio-paolo-srl.html#exhibitorheadline
Ranyal Textiles,https://texcare.messefrankfurt.com/frankfurt/en/exhibitor-search.detail.html/ranyal-textiles.html#exhibitorheadline
RATIOPLAN Transportger?te GmbH,https://texcare.messefrankfurt.com/frankfurt/en/exhibitor-search.detail.html/ratioplan-transportgeraete-gmbh.html#exhibitorheadline
Renzacci S.p.A. - Industria Lavatrici,https://texcare.messefrankfurt.com/frankfurt/en/exhibitor-search.detail.html/renzacci-spa---industria-lavatrici.html#exhibitorheadline
"RESUINSA EXPERIENCES, S.L",https://texcare.messefrankfurt.com/frankfurt/en/exhibitor-search.detail.html/resuinsa-experiences-sl.html#exhibitorheadline
REWAKON GmbH,https://texcare.messefrankfurt.com/frankfurt/en/exhibitor-search.detail.html/rewakon-gmbh.html#exhibitorheadline
Richard Geiss GmbH,https://texcare.messefrankfurt.com/frankfurt/en/exhibitor-search.detail.html/richard-geiss-gmbh.html#exhibitorheadline
"Shenzhen RICH RFID Technology Co., Ltd.",https://texcare.messefrankfurt.com/frankfurt/en/exhibitor-search.detail.html/shenzhen-rich-rfid-technology-co-ltd.html#exhibitorheadline
Fritz Rode GmbH,https://texcare.messefrankfurt.com/frankfurt/en/exhibitor-search.detail.html/fritz-rode-gmbh.html#exhibitorheadline
Roll Over Sp. z o.o.,https://texcare.messefrankfurt.com/frankfurt/en/exhibitor-search.detail.html/roll-over-sp-zoo.html#exhibitorheadline
Ronsenterprises Sp z o o,https://texcare.messefrankfurt.com/frankfurt/en/exhibitor-search.detail.html/ronsenterprises-sp-z-o-o.html#exhibitorheadline
ROTONDI Group s.r.l.,https://texcare.messefrankfurt.com/frankfurt/en/exhibitor-search.detail.html/rotondi-group-srl.html#exhibitorheadline
Royaltex S.r.l.,https://texcare.messefrankfurt.com/frankfurt/en/exhibitor-search.detail.html/royaltex-srl.html#exhibitorheadline
Saier Dosiertechnik GmbH,https://texcare.messefrankfurt.com/frankfurt/en/exhibitor-search.detail.html/saier-dosiertechnik-gmbh.html#exhibitorheadline
"Shanghai Sailstar Machinery (Group) Co., Ltd.",https://texcare.messefrankfurt.com/frankfurt/en/exhibitor-search.detail.html/shanghai-sailstar-machinery-group-co--ltd.html#exhibitorheadline
SAMARIT CZ s.r.o.,https://texcare.messefrankfurt.com/frankfurt/en/exhibitor-search.detail.html/samarit-cz-sro.html#exhibitorheadline
"San-Ai Industries, Inc.",https://texcare.messefrankfurt.com/frankfurt/en/exhibitor-search.detail.html/san-ai-industries-inc.html#exhibitorheadline
"Sankosha Manufacturing Co., Ltd.",https://texcare.messefrankfurt.com/frankfurt/en/exhibitor-search.detail.html/sankosha-manufacturing-co-ltd.html#exhibitorheadline
Sarco NV,https://texcare.messefrankfurt.com/frankfurt/en/exhibitor-search.detail.html/sarco-nv.html#exhibitorheadline
Schmidmeier NaturEnergie GmbH,https://texcare.messefrankfurt.com/frankfurt/en/exhibitor-search.detail.html/schmidmeier-naturenergie-gmbh.html#exhibitorheadline
Hans-Joachim Schneider GmbH,https://texcare.messefrankfurt.com/frankfurt/en/exhibitor-search.detail.html/hans-joachim-schneider-gmbh.html#exhibitorheadline
Schulthess Maschinen AG,https://texcare.messefrankfurt.com/frankfurt/en/exhibitor-search.detail.html/schulthess-maschinen-ag.html#exhibitorheadline
SCI-Services SA,https://texcare.messefrankfurt.com/frankfurt/en/exhibitor-search.detail.html/sci-services-sa.html#exhibitorheadline
"Jiangsu Sea-lion Machinery Co., Ltd.",https://texcare.messefrankfurt.com/frankfurt/en/exhibitor-search.detail.html/jiangsu-sea-lion-machinery-co-ltd.html#exhibitorheadline
Seewald Transportger?te GmbH,https://texcare.messefrankfurt.com/frankfurt/en/exhibitor-search.detail.html/seewald-transportgeraete-gmbh.html#exhibitorheadline
Seitz GmbH,https://texcare.messefrankfurt.com/frankfurt/en/exhibitor-search.detail.html/seitz-gmbh.html#exhibitorheadline
SEKO,https://texcare.messefrankfurt.com/frankfurt/en/exhibitor-search.detail.html/seko-uk-ltd.html#exhibitorheadline
Severnside Fabrics Ltd,https://texcare.messefrankfurt.com/frankfurt/en/exhibitor-search.detail.html/severnside-fabrics-ltd.html#exhibitorheadline
sewts GmbH,https://texcare.messefrankfurt.com/frankfurt/en/exhibitor-search.detail.html/sewts-gmbh.html#exhibitorheadline
"Shanghai Shine Young Silicone Industry Co., Ltd.",https://texcare.messefrankfurt.com/frankfurt/en/exhibitor-search.detail.html/shanghai-shine-young-silicone-industry-co-ltd.html#exhibitorheadline
SIANKA¢ç by S&Z Verpackung GmbH,https://texcare.messefrankfurt.com/frankfurt/en/exhibitor-search.detail.html/sz-verpackung-gmbh.html#exhibitorheadline
SIDI MONDIAL S.r.l.,https://texcare.messefrankfurt.com/frankfurt/en/exhibitor-search.detail.html/sidi-mondial-srl.html#exhibitorheadline
SINTESI S.R.L.S Unipersonale,https://texcare.messefrankfurt.com/frankfurt/en/exhibitor-search.detail.html/sintesi-srls-unipersonale.html#exhibitorheadline
Rene Siplet Srl,https://texcare.messefrankfurt.com/frankfurt/en/exhibitor-search.detail.html/rene-siplet-srl.html#exhibitorheadline
SMRT Systems Inc.,https://texcare.messefrankfurt.com/frankfurt/en/exhibitor-search.detail.html/smrt-systems-inc.html#exhibitorheadline
SoCom Informationssysteme GmbH,https://texcare.messefrankfurt.com/frankfurt/en/exhibitor-search.detail.html/socom-informationssysteme-gmbh.html#exhibitorheadline
Spindle,https://texcare.messefrankfurt.com/frankfurt/en/exhibitor-search.detail.html/dober-chemical.html#exhibitorheadline
"Spotag Electronics (Jiangsu) Co., Ltd.",https://texcare.messefrankfurt.com/frankfurt/en/exhibitor-search.detail.html/spotag-electronics-jiangsu-co-ltd.html#exhibitorheadline
Gottlob Stahl W?schereimaschinenbau GmbH,https://texcare.messefrankfurt.com/frankfurt/en/exhibitor-search.detail.html/gottlob-stahl-waeschereimaschinenbau-gmbh.html#exhibitorheadline
Standard Textile GmbH,https://texcare.messefrankfurt.com/frankfurt/en/exhibitor-search.detail.html/standard-textile-gmbh.html#exhibitorheadline
STIRMATIC S.r.l.,https://texcare.messefrankfurt.com/frankfurt/en/exhibitor-search.detail.html/stirmatic-srl.html#exhibitorheadline
Sumal S.L.U.,https://texcare.messefrankfurt.com/frankfurt/en/exhibitor-search.detail.html/sumal-slu.html#exhibitorheadline
Surfchimica S.r.l.,https://texcare.messefrankfurt.com/frankfurt/en/exhibitor-search.detail.html/surfchimica-srl.html#exhibitorheadline
Sveriges Tv?tterif?rbund,https://texcare.messefrankfurt.com/frankfurt/en/exhibitor-search.detail.html/sveriges-tvaetterifoerbund.html#exhibitorheadline
Tangerpay,https://texcare.messefrankfurt.com/frankfurt/en/exhibitor-search.detail.html/tangerpay-australia-pty-ltd.html#exhibitorheadline
Taram Textiles,https://texcare.messefrankfurt.com/frankfurt/en/exhibitor-search.detail.html/taram-textiles.html#exhibitorheadline
Technische Textilien L?rrach GmbH & Co. KG,https://texcare.messefrankfurt.com/frankfurt/en/exhibitor-search.detail.html/technische-textilien-loerrach-gmbh--co-kg.html#exhibitorheadline
TECNITRAMO Laundry Machinery,https://texcare.messefrankfurt.com/frankfurt/en/exhibitor-search.detail.html/mp-diclesa-sl.html#exhibitorheadline
Tektem Makina San. ve Tic. A.S.,https://texcare.messefrankfurt.com/frankfurt/en/exhibitor-search.detail.html/tektem-makina-san-ve-tic-as.html#exhibitorheadline
Temel Makine San. ve Tic. Ltd. Sti.,https://texcare.messefrankfurt.com/frankfurt/en/exhibitor-search.detail.html/temel-makine-san-ve-tic-ltd-sti.html#exhibitorheadline
Texomatic GmbH,https://texcare.messefrankfurt.com/frankfurt/en/exhibitor-search.detail.html/texomatic-gmbh.html#exhibitorheadline
Textile Rental Services Association of America,https://texcare.messefrankfurt.com/frankfurt/en/exhibitor-search.detail.html/textile-rental-services-association-of-america.html#exhibitorheadline
Textile Services Association Limited,https://texcare.messefrankfurt.com/frankfurt/en/exhibitor-search.detail.html/textile-services-association-limited.html#exhibitorheadline
Textilreinigungsverband Nordrhein- Westfalen e.V.,https://texcare.messefrankfurt.com/frankfurt/en/exhibitor-search.detail.html/textilreinigungsverband-nordrhein--westfalen-ev.html#exhibitorheadline
The Association for Laundry and Textile Rental (BVT),https://texcare.messefrankfurt.com/frankfurt/en/exhibitor-search.detail.html/the-association-for-laundry-and-textile-rental-bvt.html#exhibitorheadline
Thermopatch BV,https://texcare.messefrankfurt.com/frankfurt/en/exhibitor-search.detail.html/thermopatch-bv.html#exhibitorheadline
THERMOTEX NAGEL GmbH,https://texcare.messefrankfurt.com/frankfurt/en/exhibitor-search.detail.html/thermotex-nagel-gmbh.html#exhibitorheadline
Thielen Automation GmbH,https://texcare.messefrankfurt.com/frankfurt/en/exhibitor-search.detail.html/thielen-automation-gmbh.html#exhibitorheadline
Thornton Mills Ltd.,https://texcare.messefrankfurt.com/frankfurt/en/exhibitor-search.detail.html/thornton-mills-ltd.html#exhibitorheadline
T.H. Service SRL,https://texcare.messefrankfurt.com/frankfurt/en/exhibitor-search.detail.html/th-service-srl.html#exhibitorheadline
"Hebei Titan Intelligence Technology Co., Ltd.",https://texcare.messefrankfurt.com/frankfurt/en/exhibitor-search.detail.html/hebei-titan-intelligence-technology-co-ltd.html#exhibitorheadline
TOLKAR SMARTEX,https://texcare.messefrankfurt.com/frankfurt/en/exhibitor-search.detail.html/tolkar-makina-sanayi-ve-ticaret-as.html#exhibitorheadline
TOLON Global Makina San. ve Tic. A.?.,https://texcare.messefrankfurt.com/frankfurt/en/exhibitor-search.detail.html/tolon-global-makina-san-ve-tic-as.html#exhibitorheadline
Trevil S.r.l.,https://texcare.messefrankfurt.com/frankfurt/en/exhibitor-search.detail.html/trevil-srl.html#exhibitorheadline
Ubi Solutions SAS,https://texcare.messefrankfurt.com/frankfurt/en/exhibitor-search.detail.html/ubi-solutions-sas.html#exhibitorheadline
Unica SA,https://texcare.messefrankfurt.com/frankfurt/en/exhibitor-search.detail.html/unica-sa.html#exhibitorheadline
UNION S.p.A.,https://texcare.messefrankfurt.com/frankfurt/en/exhibitor-search.detail.html/union-spa.html#exhibitorheadline
Unipress Corporation,https://texcare.messefrankfurt.com/frankfurt/en/exhibitor-search.detail.html/unipress-corporation.html#exhibitorheadline
Ustek RFID,https://texcare.messefrankfurt.com/frankfurt/en/exhibitor-search.detail.html/ustek-rfid-elektronik-yazilim-as.html#exhibitorheadline
Valmet Lda,https://texcare.messefrankfurt.com/frankfurt/en/exhibitor-search.detail.html/valmet-lda.html#exhibitorheadline
European Textile Care Technology | VDMA e. V.,https://texcare.messefrankfurt.com/frankfurt/en/exhibitor-search.detail.html/etct-european-textile-care-technologies-vdma-verband-deutscher-maschinen--und-anlagenbau-ev.html#exhibitorheadline
VDMA Services GmbH,https://texcare.messefrankfurt.com/frankfurt/en/exhibitor-search.detail.html/vdma-services-gmbh.html#exhibitorheadline
"Textile Care, Fabric and Leather Technologies - VDMA e. V.",https://texcare.messefrankfurt.com/frankfurt/en/exhibitor-search.detail.html/fachverband-textile-care-fabric-and-leather-technologies---vdma-verband-deutscher-maschinen--und-anlagenbau-ev.html#exhibitorheadline
VEGA-systems Industrial B.V,https://texcare.messefrankfurt.com/frankfurt/en/exhibitor-search.detail.html/vg-systems-industrial-bv.html#exhibitorheadline
Veit GmbH,https://texcare.messefrankfurt.com/frankfurt/en/exhibitor-search.detail.html/veit-gmbh.html#exhibitorheadline
Verband Textile Dienste S?dwest e.V.,https://texcare.messefrankfurt.com/frankfurt/en/exhibitor-search.detail.html/verband-textile-dienste-suedwest-ev.html#exhibitorheadline
Verband Textilpflege Schweiz,https://texcare.messefrankfurt.com/frankfurt/en/exhibitor-search.detail.html/verband-textilpflege-schweiz.html#exhibitorheadline
Virtual Laundry Holding BV,https://texcare.messefrankfurt.com/frankfurt/en/exhibitor-search.detail.html/virtual-laundry-holding-bv.html#exhibitorheadline
W?scherei24 GmbH,https://texcare.messefrankfurt.com/frankfurt/en/exhibitor-search.detail.html/waescherei24-gmbh.html#exhibitorheadline
Wamzak Corporation,https://texcare.messefrankfurt.com/frankfurt/en/exhibitor-search.detail.html/wamzak-corporation.html#exhibitorheadline
"Shanghai Weishi Machinery Co., Ltd.",https://texcare.messefrankfurt.com/frankfurt/en/exhibitor-search.detail.html/shanghai-weishi-machinery-co-ltd.html#exhibitorheadline
Welspun Living Limited,https://texcare.messefrankfurt.com/frankfurt/en/exhibitor-search.detail.html/welspun-global-brands-limited.html#exhibitorheadline
Wendt W?scherei- und Reinigungssysteme Vertriebs-GmbH,https://texcare.messefrankfurt.com/frankfurt/en/exhibitor-search.detail.html/wendt-waescherei--und-reinigungs--systeme-vertriebs-gmbh.html#exhibitorheadline
wfk - Cleaning Technology Institute e.V.,https://texcare.messefrankfurt.com/frankfurt/en/exhibitor-search.detail.html/wfk---cleaning-technology-institute-ev.html#exhibitorheadline
Whirlpool Corporation,https://texcare.messefrankfurt.com/frankfurt/en/exhibitor-search.detail.html/whirlpool-corporation.html#exhibitorheadline
wh M?nzpr?fer Dietmar Trenner GmbH,https://texcare.messefrankfurt.com/frankfurt/en/exhibitor-search.detail.html/wh-muenzpruefer-dietmar-trenner-gmbh.html#exhibitorheadline
Wientjens B.V.,https://texcare.messefrankfurt.com/frankfurt/en/exhibitor-search.detail.html/wientjens-bv.html#exhibitorheadline
WOSH,https://texcare.messefrankfurt.com/frankfurt/en/exhibitor-search.detail.html/wosh-srl.html#exhibitorheadline
WSP Systems B.V.,https://texcare.messefrankfurt.com/frankfurt/en/exhibitor-search.detail.html/wsp-systems-bv.html#exhibitorheadline
"Shanghai Xunduo Laundry Equipment Co., Ltd.",https://texcare.messefrankfurt.com/frankfurt/en/exhibitor-search.detail.html/shanghai-xunduo-laundry-equipment-co-ltd.html#exhibitorheadline
"Yamamoto Manufacturing Co., Ltd.",https://texcare.messefrankfurt.com/frankfurt/en/exhibitor-search.detail.html/yamamoto-manufacturing-co-ltd.html#exhibitorheadline
"Shenzhen Zhilai Sci And Tech Co., Ltd.",https://texcare.messefrankfurt.com/frankfurt/en/exhibitor-search.detail.html/shenzhen-zhilai-sci-and-tech-co-ltd.html#exhibitorheadline
"Zhongjie Biotechnology Co., Ltd.",https://texcare.messefrankfurt.com/frankfurt/en/exhibitor-search.detail.html/zhongjie-biotechnology-co-ltd.html#exhibitorheadline
Z?llner GmbH,https://texcare.messefrankfurt.com/frankfurt/en/exhibitor-search.detail.html/zoellner-gmbh.html#exhibitorheadline
ZOLLNER Objekttextil GmbH,https://texcare.messefrankfurt.com/frankfurt/en/exhibitor-search.detail.html/zollner-objekttextil-gmbh.html#exhibitorheadline
Zucchetti Centro Sistemi S.p.A.,https://texcare.messefrankfurt.com/frankfurt/en/exhibitor-search.detail.html/zucchetti-centro-sistemi-spa.html#exhibitorheadline
