name,url,category
Boldoduc Sas,https://texcare.messefrankfurt.com/frankfurt/en/exhibitor-search.detail.html/boldoduc-sas.html#exhibitorheadline,"Machinery, systems and accessories for dyeing and textile applications"
Brentareno Srl,https://texcare.messefrankfurt.com/frankfurt/en/exhibitor-search.detail.html/brentareno-srl.html#exhibitorheadline,"Machinery, systems and accessories for dyeing and textile applications"
EMCO Bautechnik GmbH,https://texcare.messefrankfurt.com/frankfurt/en/exhibitor-search.detail.html/emco-bautechnik-gmbh.html#exhibitorheadline,"Machinery, systems and accessories for dyeing and textile applications"
Kentaur A/S,https://texcare.messefrankfurt.com/frankfurt/en/exhibitor-search.detail.html/kentaur-as.html#exhibitorheadline,"Machinery, systems and accessories for dyeing and textile applications"
MiRiCal Emblems Ltd.,https://texcare.messefrankfurt.com/frankfurt/en/exhibitor-search.detail.html/mirical-emblems-ltd.html#exhibitorheadline,"Machinery, systems and accessories for dyeing and textile applications"
Nazu International,https://texcare.messefrankfurt.com/frankfurt/en/exhibitor-search.detail.html/nazu-international.html#exhibitorheadline,"Machinery, systems and accessories for dyeing and textile applications"
POLYMARK GRAPHICS GmbH,https://texcare.messefrankfurt.com/frankfurt/en/exhibitor-search.detail.html/polymark-graphics-gmbh.html#exhibitorheadline,"Machinery, systems and accessories for dyeing and textile applications"
Thermopatch BV,https://texcare.messefrankfurt.com/frankfurt/en/exhibitor-search.detail.html/thermopatch-bv.html#exhibitorheadline,"Machinery, systems and accessories for dyeing and textile applications"
THERMOTEX NAGEL GmbH,https://texcare.messefrankfurt.com/frankfurt/en/exhibitor-search.detail.html/thermotex-nagel-gmbh.html#exhibitorheadline,"Machinery, systems and accessories for dyeing and textile applications"
TOLKAR SMARTEX,https://texcare.messefrankfurt.com/frankfurt/en/exhibitor-search.detail.html/tolkar-makina-sanayi-ve-ticaret-as.html#exhibitorheadline,"Machinery, systems and accessories for dyeing and textile applications"
"Jinan Oasis Dry Cleaning and Laundry Equipment Co., Ltd.",https://texcare.messefrankfurt.com/frankfurt/en/exhibitor-search.detail.html/jinan-oasis-dry-cleaning-and-laundry-equipment-co-ltd.html#exhibitorheadline,"Machinery, systems and accessories for washing textiles"
"AGA TECH, SRL",https://texcare.messefrankfurt.com/frankfurt/en/exhibitor-search.detail.html/aga-tech-srl.html#exhibitorheadline,"Machinery, systems and accessories for washing textiles"
Alliance Laundry CE s.r.o.,https://texcare.messefrankfurt.com/frankfurt/en/exhibitor-search.detail.html/alliance-laundry-ce-sro.html#exhibitorheadline,"Machinery, systems and accessories for washing textiles"
CBA Machines,https://texcare.messefrankfurt.com/frankfurt/en/exhibitor-search.detail.html/consultancebureau-arno-nv.html#exhibitorheadline,"Machinery, systems and accessories for washing textiles"
Cdf Systems,https://texcare.messefrankfurt.com/frankfurt/en/exhibitor-search.detail.html/cdf-systems.html#exhibitorheadline,"Machinery, systems and accessories for washing textiles"
"Jiangsu Chuandao Washing Machinery Technology Co., Ltd.",https://texcare.messefrankfurt.com/frankfurt/en/exhibitor-search.detail.html/jiangsu-chuandao-washing-machinery-technology-co-ltd.html#exhibitorheadline,"Machinery, systems and accessories for washing textiles"
CLMTexfinity NV,https://texcare.messefrankfurt.com/frankfurt/en/exhibitor-search.detail.html/texfinity-nv.html#exhibitorheadline,"Machinery, systems and accessories for washing textiles"
Danube International SAS,https://texcare.messefrankfurt.com/frankfurt/en/exhibitor-search.detail.html/danube-international-sarl.html#exhibitorheadline,"Machinery, systems and accessories for washing textiles"
Dexter Laundry Inc.,https://texcare.messefrankfurt.com/frankfurt/en/exhibitor-search.detail.html/dexter-laundry-inc.html#exhibitorheadline,"Machinery, systems and accessories for washing textiles"
DOMUS LAUNDRY,https://texcare.messefrankfurt.com/frankfurt/en/exhibitor-search.detail.html/domus-laundry.html#exhibitorheadline,"Machinery, systems and accessories for washing textiles"
Fagor Professional,https://texcare.messefrankfurt.com/frankfurt/en/exhibitor-search.detail.html/fagor-industrial-s-coop.html#exhibitorheadline,"Machinery, systems and accessories for washing textiles"
Girbau S.A.,https://texcare.messefrankfurt.com/frankfurt/en/exhibitor-search.detail.html/girbau-sa.html#exhibitorheadline,"Machinery, systems and accessories for washing textiles"
Machinefabriek Goudkuil Apeldoorn B. V.,https://texcare.messefrankfurt.com/frankfurt/en/exhibitor-search.detail.html/machinefabriek-goudkuil-apeldoorn-b-v.html#exhibitorheadline,"Machinery, systems and accessories for washing textiles"
Grandimpianti I.L.E. ALI Group S.r.l. a Socio Unico,https://texcare.messefrankfurt.com/frankfurt/en/exhibitor-search.detail.html/grandimpianti-ile-aligroup-srl-a-socio-unico.html#exhibitorheadline,"Machinery, systems and accessories for washing textiles"
Hayikama Makine Ith. Ihr. San. ve Tic. LTD,https://texcare.messefrankfurt.com/frankfurt/en/exhibitor-search.detail.html/hayikama-makine-hali-yikama-ithalat-ihracat-sanayi-ve-ticaret-limited-sirketi.html#exhibitorheadline,"Machinery, systems and accessories for washing textiles"
"Huibu (Shanghai) Industrial Co., Ltd.",https://texcare.messefrankfurt.com/frankfurt/en/exhibitor-search.detail.html/huibu-shanghai-industrial-co-ltd.html#exhibitorheadline,"Machinery, systems and accessories for washing textiles"
HUTCHINSON,https://texcare.messefrankfurt.com/frankfurt/en/exhibitor-search.detail.html/hutchinson-snc.html#exhibitorheadline,"Machinery, systems and accessories for washing textiles"
IMAGE LAUNDRY SYSTEMS,https://texcare.messefrankfurt.com/frankfurt/en/exhibitor-search.detail.html/accurate-technologies-co-ltd.html#exhibitorheadline,"Machinery, systems and accessories for washing textiles"
IMESA S.p.A.,https://texcare.messefrankfurt.com/frankfurt/en/exhibitor-search.detail.html/imesa-spa.html#exhibitorheadline,"Machinery, systems and accessories for washing textiles"
JENSEN-GROUP,https://texcare.messefrankfurt.com/frankfurt/en/exhibitor-search.detail.html/jensen-group.html#exhibitorheadline,"Machinery, systems and accessories for washing textiles"
Herbert Kannegiesser GmbH,https://texcare.messefrankfurt.com/frankfurt/en/exhibitor-search.detail.html/herbert-kannegiesser-gmbh.html#exhibitorheadline,"Machinery, systems and accessories for washing textiles"
KREBE-TIPPO d.o.o.,https://texcare.messefrankfurt.com/frankfurt/en/exhibitor-search.detail.html/krebe-tippo-doo.html#exhibitorheadline,"Machinery, systems and accessories for washing textiles"
Lapauw NV,https://texcare.messefrankfurt.com/frankfurt/en/exhibitor-search.detail.html/werkhuizen-lapauw-nv.html#exhibitorheadline,"Machinery, systems and accessories for washing textiles"
Lavatec Laundry Technology GmbH,https://texcare.messefrankfurt.com/frankfurt/en/exhibitor-search.detail.html/lavatec-laundry-technology-gmbh.html#exhibitorheadline,"Machinery, systems and accessories for washing textiles"
Maestrelli S.r.l.,https://texcare.messefrankfurt.com/frankfurt/en/exhibitor-search.detail.html/maestrelli-srl.html#exhibitorheadline,"Machinery, systems and accessories for washing textiles"
MARK S.r.l.,https://texcare.messefrankfurt.com/frankfurt/en/exhibitor-search.detail.html/mark-srl.html#exhibitorheadline,"Machinery, systems and accessories for washing textiles"
Maxi Companies Inc.,https://texcare.messefrankfurt.com/frankfurt/en/exhibitor-search.detail.html/maxi-companies-inc.html#exhibitorheadline,"Machinery, systems and accessories for washing textiles"
MAXI-PRESS Elastomertechnik GmbH,https://texcare.messefrankfurt.com/frankfurt/en/exhibitor-search.detail.html/maxi-press-elastomertechnik-gmbh.html#exhibitorheadline,"Machinery, systems and accessories for washing textiles"
MS Group SRL a socio unico,https://texcare.messefrankfurt.com/frankfurt/en/exhibitor-search.detail.html/ms-group-srl-a-socio-unico.html#exhibitorheadline,"Machinery, systems and accessories for washing textiles"
Pellerin Milnor Corporation,https://texcare.messefrankfurt.com/frankfurt/en/exhibitor-search.detail.html/pellerin-milnor-corporation.html#exhibitorheadline,"Machinery, systems and accessories for washing textiles"
Shanghai Qiaohe Industrial Co. Ltd.,https://texcare.messefrankfurt.com/frankfurt/en/exhibitor-search.detail.html/shanghai-qiaohe-industrial-co-ltd.html#exhibitorheadline,"Machinery, systems and accessories for washing textiles"
ROTONDI Group s.r.l.,https://texcare.messefrankfurt.com/frankfurt/en/exhibitor-search.detail.html/rotondi-group-srl.html#exhibitorheadline,"Machinery, systems and accessories for washing textiles"
"Shanghai Sailstar Machinery (Group) Co., Ltd.",https://texcare.messefrankfurt.com/frankfurt/en/exhibitor-search.detail.html/shanghai-sailstar-machinery-group-co--ltd.html#exhibitorheadline,"Machinery, systems and accessories for washing textiles"
Hans-Joachim Schneider GmbH,https://texcare.messefrankfurt.com/frankfurt/en/exhibitor-search.detail.html/hans-joachim-schneider-gmbh.html#exhibitorheadline,"Machinery, systems and accessories for washing textiles"
Schulthess Maschinen AG,https://texcare.messefrankfurt.com/frankfurt/en/exhibitor-search.detail.html/schulthess-maschinen-ag.html#exhibitorheadline,"Machinery, systems and accessories for washing textiles"
"Jiangsu Sea-lion Machinery Co., Ltd.",https://texcare.messefrankfurt.com/frankfurt/en/exhibitor-search.detail.html/jiangsu-sea-lion-machinery-co-ltd.html#exhibitorheadline,"Machinery, systems and accessories for washing textiles"
Gottlob Stahl W?schereimaschinenbau GmbH,https://texcare.messefrankfurt.com/frankfurt/en/exhibitor-search.detail.html/gottlob-stahl-waeschereimaschinenbau-gmbh.html#exhibitorheadline,"Machinery, systems and accessories for washing textiles"
TECNITRAMO Laundry Machinery,https://texcare.messefrankfurt.com/frankfurt/en/exhibitor-search.detail.html/mp-diclesa-sl.html#exhibitorheadline,"Machinery, systems and accessories for washing textiles"
Temel Makine San. ve Tic. Ltd. Sti.,https://texcare.messefrankfurt.com/frankfurt/en/exhibitor-search.detail.html/temel-makine-san-ve-tic-ltd-sti.html#exhibitorheadline,"Machinery, systems and accessories for washing textiles"
TOLKAR SMARTEX,https://texcare.messefrankfurt.com/frankfurt/en/exhibitor-search.detail.html/tolkar-makina-sanayi-ve-ticaret-as.html#exhibitorheadline,"Machinery, systems and accessories for washing textiles"
TOLON Global Makina San. ve Tic. A.?.,https://texcare.messefrankfurt.com/frankfurt/en/exhibitor-search.detail.html/tolon-global-makina-san-ve-tic-as.html#exhibitorheadline,"Machinery, systems and accessories for washing textiles"
Unica SA,https://texcare.messefrankfurt.com/frankfurt/en/exhibitor-search.detail.html/unica-sa.html#exhibitorheadline,"Machinery, systems and accessories for washing textiles"
W?scherei24 GmbH,https://texcare.messefrankfurt.com/frankfurt/en/exhibitor-search.detail.html/waescherei24-gmbh.html#exhibitorheadline,"Machinery, systems and accessories for washing textiles"
"Shanghai Weishi Machinery Co., Ltd.",https://texcare.messefrankfurt.com/frankfurt/en/exhibitor-search.detail.html/shanghai-weishi-machinery-co-ltd.html#exhibitorheadline,"Machinery, systems and accessories for washing textiles"
Whirlpool Corporation,https://texcare.messefrankfurt.com/frankfurt/en/exhibitor-search.detail.html/whirlpool-corporation.html#exhibitorheadline,"Machinery, systems and accessories for washing textiles"
wh M?nzpr?fer Dietmar Trenner GmbH,https://texcare.messefrankfurt.com/frankfurt/en/exhibitor-search.detail.html/wh-muenzpruefer-dietmar-trenner-gmbh.html#exhibitorheadline,"Machinery, systems and accessories for washing textiles"
"Shanghai Xunduo Laundry Equipment Co., Ltd.",https://texcare.messefrankfurt.com/frankfurt/en/exhibitor-search.detail.html/shanghai-xunduo-laundry-equipment-co-ltd.html#exhibitorheadline,"Machinery, systems and accessories for washing textiles"
"Yamamoto Manufacturing Co., Ltd.",https://texcare.messefrankfurt.com/frankfurt/en/exhibitor-search.detail.html/yamamoto-manufacturing-co-ltd.html#exhibitorheadline,"Machinery, systems and accessories for washing textiles"
Alliance Laundry CE s.r.o.,https://texcare.messefrankfurt.com/frankfurt/en/exhibitor-search.detail.html/alliance-laundry-ce-sro.html#exhibitorheadline,"Machinery, systems and accessories for cleaning textiles"
B?WE Textile Cleaning GmbH,https://texcare.messefrankfurt.com/frankfurt/en/exhibitor-search.detail.html/boewe-textile-cleaning-gmbh.html#exhibitorheadline,"Machinery, systems and accessories for cleaning textiles"
Eco Impact B?gelsysteme GmbH,https://texcare.messefrankfurt.com/frankfurt/en/exhibitor-search.detail.html/eco-impact-buegelsysteme-gmbh.html#exhibitorheadline,"Machinery, systems and accessories for cleaning textiles"
Electrolux Professional AB (publ),https://texcare.messefrankfurt.com/frankfurt/en/exhibitor-search.detail.html/electrolux-professional-ab-publ.html#exhibitorheadline,"Machinery, systems and accessories for cleaning textiles"
GreenEarth Cleaning,https://texcare.messefrankfurt.com/frankfurt/en/exhibitor-search.detail.html/greenearth-cleaning.html#exhibitorheadline,"Machinery, systems and accessories for cleaning textiles"
HUTCHINSON,https://texcare.messefrankfurt.com/frankfurt/en/exhibitor-search.detail.html/hutchinson-snc.html#exhibitorheadline,"Machinery, systems and accessories for cleaning textiles"
IMESA S.p.A.,https://texcare.messefrankfurt.com/frankfurt/en/exhibitor-search.detail.html/imesa-spa.html#exhibitorheadline,"Machinery, systems and accessories for cleaning textiles"
Italclean S.r.l.,https://texcare.messefrankfurt.com/frankfurt/en/exhibitor-search.detail.html/italclean-srl.html#exhibitorheadline,"Machinery, systems and accessories for cleaning textiles"
Herbert Kannegiesser GmbH,https://texcare.messefrankfurt.com/frankfurt/en/exhibitor-search.detail.html/herbert-kannegiesser-gmbh.html#exhibitorheadline,"Machinery, systems and accessories for cleaning textiles"
KREBE-TIPPO d.o.o.,https://texcare.messefrankfurt.com/frankfurt/en/exhibitor-search.detail.html/krebe-tippo-doo.html#exhibitorheadline,"Machinery, systems and accessories for cleaning textiles"
Maestrelli S.r.l.,https://texcare.messefrankfurt.com/frankfurt/en/exhibitor-search.detail.html/maestrelli-srl.html#exhibitorheadline,"Machinery, systems and accessories for cleaning textiles"
Multimatic GmbH & Co. KG,https://texcare.messefrankfurt.com/frankfurt/en/exhibitor-search.detail.html/multimatic-gmbh--co-kg.html#exhibitorheadline,"Machinery, systems and accessories for cleaning textiles"
Multitex Maschinenbau GmbH,https://texcare.messefrankfurt.com/frankfurt/en/exhibitor-search.detail.html/multitex-maschinenbau-gmbh.html#exhibitorheadline,"Machinery, systems and accessories for cleaning textiles"
Renzacci S.p.A. - Industria Lavatrici,https://texcare.messefrankfurt.com/frankfurt/en/exhibitor-search.detail.html/renzacci-spa---industria-lavatrici.html#exhibitorheadline,"Machinery, systems and accessories for cleaning textiles"
Roll Over Sp. z o.o.,https://texcare.messefrankfurt.com/frankfurt/en/exhibitor-search.detail.html/roll-over-sp-zoo.html#exhibitorheadline,"Machinery, systems and accessories for cleaning textiles"
ROTONDI Group s.r.l.,https://texcare.messefrankfurt.com/frankfurt/en/exhibitor-search.detail.html/rotondi-group-srl.html#exhibitorheadline,"Machinery, systems and accessories for cleaning textiles"
Hans-Joachim Schneider GmbH,https://texcare.messefrankfurt.com/frankfurt/en/exhibitor-search.detail.html/hans-joachim-schneider-gmbh.html#exhibitorheadline,"Machinery, systems and accessories for cleaning textiles"
TOLON Global Makina San. ve Tic. A.?.,https://texcare.messefrankfurt.com/frankfurt/en/exhibitor-search.detail.html/tolon-global-makina-san-ve-tic-as.html#exhibitorheadline,"Machinery, systems and accessories for cleaning textiles"
Trevil S.r.l.,https://texcare.messefrankfurt.com/frankfurt/en/exhibitor-search.detail.html/trevil-srl.html#exhibitorheadline,"Machinery, systems and accessories for cleaning textiles"
UNION S.p.A.,https://texcare.messefrankfurt.com/frankfurt/en/exhibitor-search.detail.html/union-spa.html#exhibitorheadline,"Machinery, systems and accessories for cleaning textiles"
Veit GmbH,https://texcare.messefrankfurt.com/frankfurt/en/exhibitor-search.detail.html/veit-gmbh.html#exhibitorheadline,"Machinery, systems and accessories for cleaning textiles"
Catinet Innovation SL,https://texcare.messefrankfurt.com/frankfurt/en/exhibitor-search.detail.html/catinet-innovation-sl.html#exhibitorheadline,"Machinery, systems and accessories for cleaning carpets, floor coverings, upholstery and leather furniture"
Cdf Systems,https://texcare.messefrankfurt.com/frankfurt/en/exhibitor-search.detail.html/cdf-systems.html#exhibitorheadline,"Machinery, systems and accessories for cleaning carpets, floor coverings, upholstery and leather furniture"
Hans-Joachim Schneider GmbH,https://texcare.messefrankfurt.com/frankfurt/en/exhibitor-search.detail.html/hans-joachim-schneider-gmbh.html#exhibitorheadline,"Machinery, systems and accessories for cleaning carpets, floor coverings, upholstery and leather furniture"
Tektem Makina San. ve Tic. A.S.,https://texcare.messefrankfurt.com/frankfurt/en/exhibitor-search.detail.html/tektem-makina-san-ve-tic-as.html#exhibitorheadline,"Machinery, systems and accessories for cleaning carpets, floor coverings, upholstery and leather furniture"
BARBANTI S.r.l.,https://texcare.messefrankfurt.com/frankfurt/en/exhibitor-search.detail.html/barbanti-srl.html#exhibitorheadline,"Machinery, systems and accessories for textile drying and finishing"
Battistella B.G. S.r.l.,https://texcare.messefrankfurt.com/frankfurt/en/exhibitor-search.detail.html/battistella-bg-srl.html#exhibitorheadline,"Machinery, systems and accessories for textile drying and finishing"
BIKO Engineering AG,https://texcare.messefrankfurt.com/frankfurt/en/exhibitor-search.detail.html/biko-engineering-ag.html#exhibitorheadline,"Machinery, systems and accessories for textile drying and finishing"
CBA Machines,https://texcare.messefrankfurt.com/frankfurt/en/exhibitor-search.detail.html/consultancebureau-arno-nv.html#exhibitorheadline,"Machinery, systems and accessories for textile drying and finishing"
"Jiangsu Chuandao Washing Machinery Technology Co., Ltd.",https://texcare.messefrankfurt.com/frankfurt/en/exhibitor-search.detail.html/jiangsu-chuandao-washing-machinery-technology-co-ltd.html#exhibitorheadline,"Machinery, systems and accessories for textile drying and finishing"
CLMTexfinity NV,https://texcare.messefrankfurt.com/frankfurt/en/exhibitor-search.detail.html/texfinity-nv.html#exhibitorheadline,"Machinery, systems and accessories for textile drying and finishing"
Eco Impact B?gelsysteme GmbH,https://texcare.messefrankfurt.com/frankfurt/en/exhibitor-search.detail.html/eco-impact-buegelsysteme-gmbh.html#exhibitorheadline,"Machinery, systems and accessories for textile drying and finishing"
Electrolux Professional AB (publ),https://texcare.messefrankfurt.com/frankfurt/en/exhibitor-search.detail.html/electrolux-professional-ab-publ.html#exhibitorheadline,"Machinery, systems and accessories for textile drying and finishing"
Fagor Professional,https://texcare.messefrankfurt.com/frankfurt/en/exhibitor-search.detail.html/fagor-industrial-s-coop.html#exhibitorheadline,"Machinery, systems and accessories for textile drying and finishing"
Fimas S.r.l.,https://texcare.messefrankfurt.com/frankfurt/en/exhibitor-search.detail.html/fimas-srl.html#exhibitorheadline,"Machinery, systems and accessories for textile drying and finishing"
FINTEC Textilpflegesysteme GmbH,https://texcare.messefrankfurt.com/frankfurt/en/exhibitor-search.detail.html/fintec-textilpflegesysteme-gmbh.html#exhibitorheadline,"Machinery, systems and accessories for textile drying and finishing"
Foltex B.V.,https://texcare.messefrankfurt.com/frankfurt/en/exhibitor-search.detail.html/foltex-bv.html#exhibitorheadline,"Machinery, systems and accessories for textile drying and finishing"
Ghidini Benvenuto Srl,https://texcare.messefrankfurt.com/frankfurt/en/exhibitor-search.detail.html/ghidini-benvenuto-srl.html#exhibitorheadline,"Machinery, systems and accessories for textile drying and finishing"
Machinefabriek Goudkuil Apeldoorn B. V.,https://texcare.messefrankfurt.com/frankfurt/en/exhibitor-search.detail.html/machinefabriek-goudkuil-apeldoorn-b-v.html#exhibitorheadline,"Machinery, systems and accessories for textile drying and finishing"
Grandimpianti I.L.E. ALI Group S.r.l. a Socio Unico,https://texcare.messefrankfurt.com/frankfurt/en/exhibitor-search.detail.html/grandimpianti-ile-aligroup-srl-a-socio-unico.html#exhibitorheadline,"Machinery, systems and accessories for textile drying and finishing"
"Shandong Guangtai Environmental Technology Co., Ltd",https://texcare.messefrankfurt.com/frankfurt/en/exhibitor-search.detail.html/shandong-guangtai-environmental-technology-co-ltd.html#exhibitorheadline,"Machinery, systems and accessories for textile drying and finishing"
HeBeTec W?schereitechnik und Service GmbH,https://texcare.messefrankfurt.com/frankfurt/en/exhibitor-search.detail.html/hebetec-waeschereitechnik-und-service-gmbh.html#exhibitorheadline,"Machinery, systems and accessories for textile drying and finishing"
"Huibu (Shanghai) Industrial Co., Ltd.",https://texcare.messefrankfurt.com/frankfurt/en/exhibitor-search.detail.html/huibu-shanghai-industrial-co-ltd.html#exhibitorheadline,"Machinery, systems and accessories for textile drying and finishing"
IMESA S.p.A.,https://texcare.messefrankfurt.com/frankfurt/en/exhibitor-search.detail.html/imesa-spa.html#exhibitorheadline,"Machinery, systems and accessories for textile drying and finishing"
Indemac S.r.l.,https://texcare.messefrankfurt.com/frankfurt/en/exhibitor-search.detail.html/indemac-srl.html#exhibitorheadline,"Machinery, systems and accessories for textile drying and finishing"
JENSEN-GROUP,https://texcare.messefrankfurt.com/frankfurt/en/exhibitor-search.detail.html/jensen-group.html#exhibitorheadline,"Machinery, systems and accessories for textile drying and finishing"
"JLT Co., Ltd.",https://texcare.messefrankfurt.com/frankfurt/en/exhibitor-search.detail.html/jlt-co-ltd.html#exhibitorheadline,"Machinery, systems and accessories for textile drying and finishing"
Herbert Kannegiesser GmbH,https://texcare.messefrankfurt.com/frankfurt/en/exhibitor-search.detail.html/herbert-kannegiesser-gmbh.html#exhibitorheadline,"Machinery, systems and accessories for textile drying and finishing"
LACO Machinery NV S.A.,https://texcare.messefrankfurt.com/frankfurt/en/exhibitor-search.detail.html/laco-machinery-nv-sa.html#exhibitorheadline,"Machinery, systems and accessories for textile drying and finishing"
Laundry Robotics B.V.,https://texcare.messefrankfurt.com/frankfurt/en/exhibitor-search.detail.html/laundry-robotics-bv.html#exhibitorheadline,"Machinery, systems and accessories for textile drying and finishing"
MACPI S.p.A. Pressing Divison,https://texcare.messefrankfurt.com/frankfurt/en/exhibitor-search.detail.html/macpi-spa-pressing-divison.html#exhibitorheadline,"Machinery, systems and accessories for textile drying and finishing"
MAXI-PRESS Elastomertechnik GmbH,https://texcare.messefrankfurt.com/frankfurt/en/exhibitor-search.detail.html/maxi-press-elastomertechnik-gmbh.html#exhibitorheadline,"Machinery, systems and accessories for textile drying and finishing"
MEVO Metzler GmbH,https://texcare.messefrankfurt.com/frankfurt/en/exhibitor-search.detail.html/mevo-metzler-gmbh.html#exhibitorheadline,"Machinery, systems and accessories for textile drying and finishing"
MS Group SRL a socio unico,https://texcare.messefrankfurt.com/frankfurt/en/exhibitor-search.detail.html/ms-group-srl-a-socio-unico.html#exhibitorheadline,"Machinery, systems and accessories for textile drying and finishing"
Multimatic GmbH & Co. KG,https://texcare.messefrankfurt.com/frankfurt/en/exhibitor-search.detail.html/multimatic-gmbh--co-kg.html#exhibitorheadline,"Machinery, systems and accessories for textile drying and finishing"
Pallas Finish-Systeme GmbH,https://texcare.messefrankfurt.com/frankfurt/en/exhibitor-search.detail.html/pallas-finish-systeme-gmbh.html#exhibitorheadline,"Machinery, systems and accessories for textile drying and finishing"
Pony S.p.A.,https://texcare.messefrankfurt.com/frankfurt/en/exhibitor-search.detail.html/pony-spa.html#exhibitorheadline,"Machinery, systems and accessories for textile drying and finishing"
Prima Folder S.r.l.,https://texcare.messefrankfurt.com/frankfurt/en/exhibitor-search.detail.html/prima-folder-srl.html#exhibitorheadline,"Machinery, systems and accessories for textile drying and finishing"
REWAKON GmbH,https://texcare.messefrankfurt.com/frankfurt/en/exhibitor-search.detail.html/rewakon-gmbh.html#exhibitorheadline,"Machinery, systems and accessories for textile drying and finishing"
ROTONDI Group s.r.l.,https://texcare.messefrankfurt.com/frankfurt/en/exhibitor-search.detail.html/rotondi-group-srl.html#exhibitorheadline,"Machinery, systems and accessories for textile drying and finishing"
Hans-Joachim Schneider GmbH,https://texcare.messefrankfurt.com/frankfurt/en/exhibitor-search.detail.html/hans-joachim-schneider-gmbh.html#exhibitorheadline,"Machinery, systems and accessories for textile drying and finishing"
Schulthess Maschinen AG,https://texcare.messefrankfurt.com/frankfurt/en/exhibitor-search.detail.html/schulthess-maschinen-ag.html#exhibitorheadline,"Machinery, systems and accessories for textile drying and finishing"
"Jiangsu Sea-lion Machinery Co., Ltd.",https://texcare.messefrankfurt.com/frankfurt/en/exhibitor-search.detail.html/jiangsu-sea-lion-machinery-co-ltd.html#exhibitorheadline,"Machinery, systems and accessories for textile drying and finishing"
sewts GmbH,https://texcare.messefrankfurt.com/frankfurt/en/exhibitor-search.detail.html/sewts-gmbh.html#exhibitorheadline,"Machinery, systems and accessories for textile drying and finishing"
"Shanghai Shine Young Silicone Industry Co., Ltd.",https://texcare.messefrankfurt.com/frankfurt/en/exhibitor-search.detail.html/shanghai-shine-young-silicone-industry-co-ltd.html#exhibitorheadline,"Machinery, systems and accessories for textile drying and finishing"
SIDI MONDIAL S.r.l.,https://texcare.messefrankfurt.com/frankfurt/en/exhibitor-search.detail.html/sidi-mondial-srl.html#exhibitorheadline,"Machinery, systems and accessories for textile drying and finishing"
SINTESI S.R.L.S Unipersonale,https://texcare.messefrankfurt.com/frankfurt/en/exhibitor-search.detail.html/sintesi-srls-unipersonale.html#exhibitorheadline,"Machinery, systems and accessories for textile drying and finishing"
Gottlob Stahl W?schereimaschinenbau GmbH,https://texcare.messefrankfurt.com/frankfurt/en/exhibitor-search.detail.html/gottlob-stahl-waeschereimaschinenbau-gmbh.html#exhibitorheadline,"Machinery, systems and accessories for textile drying and finishing"
STIRMATIC S.r.l.,https://texcare.messefrankfurt.com/frankfurt/en/exhibitor-search.detail.html/stirmatic-srl.html#exhibitorheadline,"Machinery, systems and accessories for textile drying and finishing"
TECNITRAMO Laundry Machinery,https://texcare.messefrankfurt.com/frankfurt/en/exhibitor-search.detail.html/mp-diclesa-sl.html#exhibitorheadline,"Machinery, systems and accessories for textile drying and finishing"
TOLON Global Makina San. ve Tic. A.?.,https://texcare.messefrankfurt.com/frankfurt/en/exhibitor-search.detail.html/tolon-global-makina-san-ve-tic-as.html#exhibitorheadline,"Machinery, systems and accessories for textile drying and finishing"
Trevil S.r.l.,https://texcare.messefrankfurt.com/frankfurt/en/exhibitor-search.detail.html/trevil-srl.html#exhibitorheadline,"Machinery, systems and accessories for textile drying and finishing"
Valmet Lda,https://texcare.messefrankfurt.com/frankfurt/en/exhibitor-search.detail.html/valmet-lda.html#exhibitorheadline,"Machinery, systems and accessories for textile drying and finishing"
Veit GmbH,https://texcare.messefrankfurt.com/frankfurt/en/exhibitor-search.detail.html/veit-gmbh.html#exhibitorheadline,"Machinery, systems and accessories for textile drying and finishing"
W?scherei24 GmbH,https://texcare.messefrankfurt.com/frankfurt/en/exhibitor-search.detail.html/waescherei24-gmbh.html#exhibitorheadline,"Machinery, systems and accessories for textile drying and finishing"
"Shanghai Weishi Machinery Co., Ltd.",https://texcare.messefrankfurt.com/frankfurt/en/exhibitor-search.detail.html/shanghai-weishi-machinery-co-ltd.html#exhibitorheadline,"Machinery, systems and accessories for textile drying and finishing"
Wendt W?scherei- und Reinigungssysteme Vertriebs-GmbH,https://texcare.messefrankfurt.com/frankfurt/en/exhibitor-search.detail.html/wendt-waescherei--und-reinigungs--systeme-vertriebs-gmbh.html#exhibitorheadline,"Machinery, systems and accessories for textile drying and finishing"
Whirlpool Corporation,https://texcare.messefrankfurt.com/frankfurt/en/exhibitor-search.detail.html/whirlpool-corporation.html#exhibitorheadline,"Machinery, systems and accessories for textile drying and finishing"
ABZ Zierler Gesellschaft m.b.H. & Co KG,https://texcare.messefrankfurt.com/frankfurt/en/exhibitor-search.detail.html/abz-zierler-gesellschaft-mbh--co-kg.html#exhibitorheadline,"Machinery, systems and accessories for energy generation, energy conservation, recycling, environmental technology and water technology"
Alumichem A/S,https://texcare.messefrankfurt.com/frankfurt/en/exhibitor-search.detail.html/alumichem-as.html#exhibitorheadline,"Machinery, systems and accessories for energy generation, energy conservation, recycling, environmental technology and water technology"
Aquatherm International Ltd.,https://texcare.messefrankfurt.com/frankfurt/en/exhibitor-search.detail.html/aquatherm-international-ltd.html#exhibitorheadline,"Machinery, systems and accessories for energy generation, energy conservation, recycling, environmental technology and water technology"
CHT Germany GmbH,https://texcare.messefrankfurt.com/frankfurt/en/exhibitor-search.detail.html/cht-germany-gmbh.html#exhibitorheadline,"Machinery, systems and accessories for energy generation, energy conservation, recycling, environmental technology and water technology"
Datamars SA,https://texcare.messefrankfurt.com/frankfurt/en/exhibitor-search.detail.html/datamars-sa.html#exhibitorheadline,"Machinery, systems and accessories for energy generation, energy conservation, recycling, environmental technology and water technology"
Desion GmbH,https://texcare.messefrankfurt.com/frankfurt/en/exhibitor-search.detail.html/desion-gmbh.html#exhibitorheadline,"Machinery, systems and accessories for energy generation, energy conservation, recycling, environmental technology and water technology"
Ecolab Europe GmbH,https://texcare.messefrankfurt.com/frankfurt/en/exhibitor-search.detail.html/ecolab-europe-gmbh.html#exhibitorheadline,"Machinery, systems and accessories for energy generation, energy conservation, recycling, environmental technology and water technology"
Machinefabriek Goudkuil Apeldoorn B. V.,https://texcare.messefrankfurt.com/frankfurt/en/exhibitor-search.detail.html/machinefabriek-goudkuil-apeldoorn-b-v.html#exhibitorheadline,"Machinery, systems and accessories for energy generation, energy conservation, recycling, environmental technology and water technology"
HEPROTEX Maschinen GmbH,https://texcare.messefrankfurt.com/frankfurt/en/exhibitor-search.detail.html/heprotex-maschinen-gmbh.html#exhibitorheadline,"Machinery, systems and accessories for energy generation, energy conservation, recycling, environmental technology and water technology"
"JFC Manufacturing Co., Ltd.",https://texcare.messefrankfurt.com/frankfurt/en/exhibitor-search.detail.html/jfc-manufacturing-co-ltd.html#exhibitorheadline,"Machinery, systems and accessories for energy generation, energy conservation, recycling, environmental technology and water technology"
Jumag Dampferzeuger GmbH,https://texcare.messefrankfurt.com/frankfurt/en/exhibitor-search.detail.html/jumag-dampferzeuger-gmbh.html#exhibitorheadline,"Machinery, systems and accessories for energy generation, energy conservation, recycling, environmental technology and water technology"
Herbert Kannegiesser GmbH,https://texcare.messefrankfurt.com/frankfurt/en/exhibitor-search.detail.html/herbert-kannegiesser-gmbh.html#exhibitorheadline,"Machinery, systems and accessories for energy generation, energy conservation, recycling, environmental technology and water technology"
Manara Roberto S.r.l. Unipersonale,https://texcare.messefrankfurt.com/frankfurt/en/exhibitor-search.detail.html/manara-roberto-srl-unipersonale.html#exhibitorheadline,"Machinery, systems and accessories for energy generation, energy conservation, recycling, environmental technology and water technology"
Norchem Corporation,https://texcare.messefrankfurt.com/frankfurt/en/exhibitor-search.detail.html/norchem-corporation.html#exhibitorheadline,"Machinery, systems and accessories for energy generation, energy conservation, recycling, environmental technology and water technology"
Nuova Folati SpA,https://texcare.messefrankfurt.com/frankfurt/en/exhibitor-search.detail.html/nuova-folati-spa.html#exhibitorheadline,"Machinery, systems and accessories for energy generation, energy conservation, recycling, environmental technology and water technology"
PWL GmbH & Co. Anlagentechnik KG,https://texcare.messefrankfurt.com/frankfurt/en/exhibitor-search.detail.html/pwl-gmbh--co-anlagentechnik-kg.html#exhibitorheadline,"Machinery, systems and accessories for energy generation, energy conservation, recycling, environmental technology and water technology"
REWAKON GmbH,https://texcare.messefrankfurt.com/frankfurt/en/exhibitor-search.detail.html/rewakon-gmbh.html#exhibitorheadline,"Machinery, systems and accessories for energy generation, energy conservation, recycling, environmental technology and water technology"
ROTONDI Group s.r.l.,https://texcare.messefrankfurt.com/frankfurt/en/exhibitor-search.detail.html/rotondi-group-srl.html#exhibitorheadline,"Machinery, systems and accessories for energy generation, energy conservation, recycling, environmental technology and water technology"
Schmidmeier NaturEnergie GmbH,https://texcare.messefrankfurt.com/frankfurt/en/exhibitor-search.detail.html/schmidmeier-naturenergie-gmbh.html#exhibitorheadline,"Machinery, systems and accessories for energy generation, energy conservation, recycling, environmental technology and water technology"
Hans-Joachim Schneider GmbH,https://texcare.messefrankfurt.com/frankfurt/en/exhibitor-search.detail.html/hans-joachim-schneider-gmbh.html#exhibitorheadline,"Machinery, systems and accessories for energy generation, energy conservation, recycling, environmental technology and water technology"
Trevil S.r.l.,https://texcare.messefrankfurt.com/frankfurt/en/exhibitor-search.detail.html/trevil-srl.html#exhibitorheadline,"Machinery, systems and accessories for energy generation, energy conservation, recycling, environmental technology and water technology"
Veit GmbH,https://texcare.messefrankfurt.com/frankfurt/en/exhibitor-search.detail.html/veit-gmbh.html#exhibitorheadline,"Machinery, systems and accessories for energy generation, energy conservation, recycling, environmental technology and water technology"
Wientjens B.V.,https://texcare.messefrankfurt.com/frankfurt/en/exhibitor-search.detail.html/wientjens-bv.html#exhibitorheadline,"Machinery, systems and accessories for energy generation, energy conservation, recycling, environmental technology and water technology"
"Shenzhen Zhilai Sci And Tech Co., Ltd.",https://texcare.messefrankfurt.com/frankfurt/en/exhibitor-search.detail.html/shenzhen-zhilai-sci-and-tech-co-ltd.html#exhibitorheadline,"Machinery, systems and accessories for energy generation, energy conservation, recycling, environmental technology and water technology"
B?FA Cleaning GmbH & Co. KG,https://texcare.messefrankfurt.com/frankfurt/en/exhibitor-search.detail.html/buefa-cleaning-gmbh--co-kg.html#exhibitorheadline,"Agents and systems for the cleaning, finishing and disinfection of textiles"
Burnus Professional GmbH & Co. KG,https://texcare.messefrankfurt.com/frankfurt/en/exhibitor-search.detail.html/burnus-professional-gmbh--co-kg.html#exhibitorheadline,"Agents and systems for the cleaning, finishing and disinfection of textiles"
CHT Germany GmbH,https://texcare.messefrankfurt.com/frankfurt/en/exhibitor-search.detail.html/cht-germany-gmbh.html#exhibitorheadline,"Agents and systems for the cleaning, finishing and disinfection of textiles"
Devan Chemicals NV,https://texcare.messefrankfurt.com/frankfurt/en/exhibitor-search.detail.html/devan-chemicals-nv.html#exhibitorheadline,"Agents and systems for the cleaning, finishing and disinfection of textiles"
Ecolab Europe GmbH,https://texcare.messefrankfurt.com/frankfurt/en/exhibitor-search.detail.html/ecolab-europe-gmbh.html#exhibitorheadline,"Agents and systems for the cleaning, finishing and disinfection of textiles"
GreenEarth Cleaning,https://texcare.messefrankfurt.com/frankfurt/en/exhibitor-search.detail.html/greenearth-cleaning.html#exhibitorheadline,"Agents and systems for the cleaning, finishing and disinfection of textiles"
IMESA S.p.A.,https://texcare.messefrankfurt.com/frankfurt/en/exhibitor-search.detail.html/imesa-spa.html#exhibitorheadline,"Agents and systems for the cleaning, finishing and disinfection of textiles"
Kreussler Textile Care,https://texcare.messefrankfurt.com/frankfurt/en/exhibitor-search.detail.html/chemische-fabrik-kreussler--co-gmbh.html#exhibitorheadline,"Agents and systems for the cleaning, finishing and disinfection of textiles"
Pulcra Chemicals GmbH,https://texcare.messefrankfurt.com/frankfurt/en/exhibitor-search.detail.html/pulcra-chemicals-gmbh.html#exhibitorheadline,"Agents and systems for the cleaning, finishing and disinfection of textiles"
RAMPI PRODOTTI CHIMICI DI RAMPI FRANCESCO E FIGLIO PAOLO S.R.L.,https://texcare.messefrankfurt.com/frankfurt/en/exhibitor-search.detail.html/rampi-prodotti-chimici-di-rampi-francesco-e-figlio-paolo-srl.html#exhibitorheadline,"Agents and systems for the cleaning, finishing and disinfection of textiles"
REWAKON GmbH,https://texcare.messefrankfurt.com/frankfurt/en/exhibitor-search.detail.html/rewakon-gmbh.html#exhibitorheadline,"Agents and systems for the cleaning, finishing and disinfection of textiles"
Richard Geiss GmbH,https://texcare.messefrankfurt.com/frankfurt/en/exhibitor-search.detail.html/richard-geiss-gmbh.html#exhibitorheadline,"Agents and systems for the cleaning, finishing and disinfection of textiles"
Saier Dosiertechnik GmbH,https://texcare.messefrankfurt.com/frankfurt/en/exhibitor-search.detail.html/saier-dosiertechnik-gmbh.html#exhibitorheadline,"Agents and systems for the cleaning, finishing and disinfection of textiles"
Hans-Joachim Schneider GmbH,https://texcare.messefrankfurt.com/frankfurt/en/exhibitor-search.detail.html/hans-joachim-schneider-gmbh.html#exhibitorheadline,"Agents and systems for the cleaning, finishing and disinfection of textiles"
Seitz GmbH,https://texcare.messefrankfurt.com/frankfurt/en/exhibitor-search.detail.html/seitz-gmbh.html#exhibitorheadline,"Agents and systems for the cleaning, finishing and disinfection of textiles"
SEKO,https://texcare.messefrankfurt.com/frankfurt/en/exhibitor-search.detail.html/seko-uk-ltd.html#exhibitorheadline,"Agents and systems for the cleaning, finishing and disinfection of textiles"
Surfchimica S.r.l.,https://texcare.messefrankfurt.com/frankfurt/en/exhibitor-search.detail.html/surfchimica-srl.html#exhibitorheadline,"Agents and systems for the cleaning, finishing and disinfection of textiles"
"Zhongjie Biotechnology Co., Ltd.",https://texcare.messefrankfurt.com/frankfurt/en/exhibitor-search.detail.html/zhongjie-biotechnology-co-ltd.html#exhibitorheadline,"Agents and systems for the cleaning, finishing and disinfection of textiles"
Z?llner GmbH,https://texcare.messefrankfurt.com/frankfurt/en/exhibitor-search.detail.html/zoellner-gmbh.html#exhibitorheadline,"Agents and systems for the cleaning, finishing and disinfection of textiles"
7days,https://texcare.messefrankfurt.com/frankfurt/en/exhibitor-search.detail.html/sd-workwear-gmbh.html#exhibitorheadline,Textiles and accessories
Adamjee Textile Mills (Pvt) Ltd.,https://texcare.messefrankfurt.com/frankfurt/en/exhibitor-search.detail.html/adamjee-textile-mills-pvt-ltd.html#exhibitorheadline,Textiles and accessories
Adwaith Lakshmi Industries Private Limited,https://texcare.messefrankfurt.com/frankfurt/en/exhibitor-search.detail.html/adwaith-lakshmi-industries-pvt-ltd.html#exhibitorheadline,Textiles and accessories
Al Raheem Textile,https://texcare.messefrankfurt.com/frankfurt/en/exhibitor-search.detail.html/al-raheem-textile.html#exhibitorheadline,Textiles and accessories
aurora Objektw?sche GmbH,https://texcare.messefrankfurt.com/frankfurt/en/exhibitor-search.detail.html/aurora-objektwaesche-gmbh.html#exhibitorheadline,Textiles and accessories
AUS Tekstil San. ve Tic. Ltd. Sti.,https://texcare.messefrankfurt.com/frankfurt/en/exhibitor-search.detail.html/aus-tekstil-sanve-tic-ltd-sti.html#exhibitorheadline,Textiles and accessories
Beirholms Vaeverier A/S,https://texcare.messefrankfurt.com/frankfurt/en/exhibitor-search.detail.html/beirholms-vaeverier-as.html#exhibitorheadline,Textiles and accessories
bellanet GmbH,https://texcare.messefrankfurt.com/frankfurt/en/exhibitor-search.detail.html/bellanet-gmbh.html#exhibitorheadline,Textiles and accessories
BKS Fabrics Private Limited,https://texcare.messefrankfurt.com/frankfurt/en/exhibitor-search.detail.html/bkstextiles-pvt-ltd.html#exhibitorheadline,Textiles and accessories
Boldoduc Sas,https://texcare.messefrankfurt.com/frankfurt/en/exhibitor-search.detail.html/boldoduc-sas.html#exhibitorheadline,Textiles and accessories
CACHET,https://texcare.messefrankfurt.com/frankfurt/en/exhibitor-search.detail.html/avian-tekstil-gida-turizm-ticaret-as.html#exhibitorheadline,Textiles and accessories
Clinotest GmbH Die textile Company,https://texcare.messefrankfurt.com/frankfurt/en/exhibitor-search.detail.html/clinotest-gmbh-die-textile-company.html#exhibitorheadline,Textiles and accessories
"Pujiang County Ainuo Industry & Trade Co., Ltd.",https://texcare.messefrankfurt.com/frankfurt/en/exhibitor-search.detail.html/pujiang-county-ainuo-industry--trade-co-ltd.html#exhibitorheadline,Textiles and accessories
Desion GmbH,https://texcare.messefrankfurt.com/frankfurt/en/exhibitor-search.detail.html/desion-gmbh.html#exhibitorheadline,Textiles and accessories
De Witte Lietaer International Textiles NV,https://texcare.messefrankfurt.com/frankfurt/en/exhibitor-search.detail.html/de-witte-lietaer-international-textiles-nv.html#exhibitorheadline,Textiles and accessories
Dibella B.V.,https://texcare.messefrankfurt.com/frankfurt/en/exhibitor-search.detail.html/dibella-bv.html#exhibitorheadline,Textiles and accessories
Karl Dieckhoff GmbH & Co. KG,https://texcare.messefrankfurt.com/frankfurt/en/exhibitor-search.detail.html/karl-dieckhoff-gmbh--co-kg.html#exhibitorheadline,Textiles and accessories
EMCO Bautechnik GmbH,https://texcare.messefrankfurt.com/frankfurt/en/exhibitor-search.detail.html/emco-bautechnik-gmbh.html#exhibitorheadline,Textiles and accessories
A. Essak & Sons Home Textiles,https://texcare.messefrankfurt.com/frankfurt/en/exhibitor-search.detail.html/a-essak--sons-home-textiles.html#exhibitorheadline,Textiles and accessories
European Textile Services Association ASBL - (ETSA),https://texcare.messefrankfurt.com/frankfurt/en/exhibitor-search.detail.html/european-textile-services-association-asbl---etsa.html#exhibitorheadline,Textiles and accessories
Famateks Tekstil Paz. San. ve Tic. Ltd. Sti.,https://texcare.messefrankfurt.com/frankfurt/en/exhibitor-search.detail.html/famateks-tekstil-paz-san-ve-tic-ltd-sti.html#exhibitorheadline,Textiles and accessories
Floringo GmbH,https://texcare.messefrankfurt.com/frankfurt/en/exhibitor-search.detail.html/floringo-gmbh.html#exhibitorheadline,Textiles and accessories
Fristads GmbH,https://texcare.messefrankfurt.com/frankfurt/en/exhibitor-search.detail.html/fristads-gmbh.html#exhibitorheadline,Textiles and accessories
Industria Tessile Gastaldi E C. S.P.A.,https://texcare.messefrankfurt.com/frankfurt/en/exhibitor-search.detail.html/industria-tessile-gastaldi-e-c-spa.html#exhibitorheadline,Textiles and accessories
GOLDECK TEXTIL GMBH,https://texcare.messefrankfurt.com/frankfurt/en/exhibitor-search.detail.html/goldeck-textil-gmbh.html#exhibitorheadline,Textiles and accessories
Green Workwear GmbH,https://texcare.messefrankfurt.com/frankfurt/en/exhibitor-search.detail.html/green-workwear-gmbh.html#exhibitorheadline,Textiles and accessories
Hamat B.V.,https://texcare.messefrankfurt.com/frankfurt/en/exhibitor-search.detail.html/hamat-bv.html#exhibitorheadline,Textiles and accessories
HeboVanDijk B.V. - Concept & Contract Textiles,https://texcare.messefrankfurt.com/frankfurt/en/exhibitor-search.detail.html/hebovandijk-bv.html#exhibitorheadline,Textiles and accessories
Gebr. Heinemann GmbH & Co. KG,https://texcare.messefrankfurt.com/frankfurt/en/exhibitor-search.detail.html/gebr-heinemann-gmbh--co-kg.html#exhibitorheadline,Textiles and accessories
HUQAS APPAREL,https://texcare.messefrankfurt.com/frankfurt/en/exhibitor-search.detail.html/huqas-apparel.html#exhibitorheadline,Textiles and accessories
Ihsan Cotton Products (Pvt.) Ltd.,https://texcare.messefrankfurt.com/frankfurt/en/exhibitor-search.detail.html/ihsan-cotton-products-pvt-ltd.html#exhibitorheadline,Textiles and accessories
J.K. Spinning Mills Limited,https://texcare.messefrankfurt.com/frankfurt/en/exhibitor-search.detail.html/jk-spinning-mills-limited.html#exhibitorheadline,Textiles and accessories
Kegel-Blazusiak Trade Sp. z o.o. Sp. K.,https://texcare.messefrankfurt.com/frankfurt/en/exhibitor-search.detail.html/kegel-blazusiak-trade-sp-z-oo-sp-k.html#exhibitorheadline,Textiles and accessories
Kentaur A/S,https://texcare.messefrankfurt.com/frankfurt/en/exhibitor-search.detail.html/kentaur-as.html#exhibitorheadline,Textiles and accessories
Kurtenbach GmbH & Co. KG,https://texcare.messefrankfurt.com/frankfurt/en/exhibitor-search.detail.html/kurtenbach-gmbh--co-kg.html#exhibitorheadline,Textiles and accessories
La Fabrica De Software y Hardware SL,https://texcare.messefrankfurt.com/frankfurt/en/exhibitor-search.detail.html/la-fabrica-de-software-y-hardware-sl.html#exhibitorheadline,Textiles and accessories
Lautratex,https://texcare.messefrankfurt.com/frankfurt/en/exhibitor-search.detail.html/lautratex-bv.html#exhibitorheadline,Textiles and accessories
Mahaajay Spinners India Pvt. Ltd.,https://texcare.messefrankfurt.com/frankfurt/en/exhibitor-search.detail.html/mahaajay-spinners-india-pvt-ltd.html#exhibitorheadline,Textiles and accessories
Maka S.r.l.,https://texcare.messefrankfurt.com/frankfurt/en/exhibitor-search.detail.html/maka-srl.html#exhibitorheadline,Textiles and accessories
M+A Matting,https://texcare.messefrankfurt.com/frankfurt/en/exhibitor-search.detail.html/prestige-carpets.html#exhibitorheadline,Textiles and accessories
MASA SPA - Industrie Tessili,https://texcare.messefrankfurt.com/frankfurt/en/exhibitor-search.detail.html/masa-spa---industrie-tessili.html#exhibitorheadline,Textiles and accessories
Master Textile Mills Ltd.,https://texcare.messefrankfurt.com/frankfurt/en/exhibitor-search.detail.html/master-textile-mills-ltd.html#exhibitorheadline,Textiles and accessories
Merryworks Technologies LLC,https://texcare.messefrankfurt.com/frankfurt/en/exhibitor-search.detail.html/merryworks-technologies-llc.html#exhibitorheadline,Textiles and accessories
MIP Europe GmbH,https://texcare.messefrankfurt.com/frankfurt/en/exhibitor-search.detail.html/mip-europe-gmbh.html#exhibitorheadline,Textiles and accessories
Parotex S.r.l.,https://texcare.messefrankfurt.com/frankfurt/en/exhibitor-search.detail.html/parotex-srl.html#exhibitorheadline,Textiles and accessories
polyclean24.de GmbH,https://texcare.messefrankfurt.com/frankfurt/en/exhibitor-search.detail.html/polyclean24de-gmbh.html#exhibitorheadline,Textiles and accessories
Radomskie Tekstylia Przemyslowe Sp. z o.o.,https://texcare.messefrankfurt.com/frankfurt/en/exhibitor-search.detail.html/radomskie-tekstylia-przemyslowe-sp-z-oo.html#exhibitorheadline,Textiles and accessories
Ranyal Textiles,https://texcare.messefrankfurt.com/frankfurt/en/exhibitor-search.detail.html/ranyal-textiles.html#exhibitorheadline,Textiles and accessories
"RESUINSA EXPERIENCES, S.L",https://texcare.messefrankfurt.com/frankfurt/en/exhibitor-search.detail.html/resuinsa-experiences-sl.html#exhibitorheadline,Textiles and accessories
SAMARIT CZ s.r.o.,https://texcare.messefrankfurt.com/frankfurt/en/exhibitor-search.detail.html/samarit-cz-sro.html#exhibitorheadline,Textiles and accessories
Sarco NV,https://texcare.messefrankfurt.com/frankfurt/en/exhibitor-search.detail.html/sarco-nv.html#exhibitorheadline,Textiles and accessories
SCI-Services SA,https://texcare.messefrankfurt.com/frankfurt/en/exhibitor-search.detail.html/sci-services-sa.html#exhibitorheadline,Textiles and accessories
SIANKA¢ç by S&Z Verpackung GmbH,https://texcare.messefrankfurt.com/frankfurt/en/exhibitor-search.detail.html/sz-verpackung-gmbh.html#exhibitorheadline,Textiles and accessories
Standard Textile GmbH,https://texcare.messefrankfurt.com/frankfurt/en/exhibitor-search.detail.html/standard-textile-gmbh.html#exhibitorheadline,Textiles and accessories
Taram Textiles,https://texcare.messefrankfurt.com/frankfurt/en/exhibitor-search.detail.html/taram-textiles.html#exhibitorheadline,Textiles and accessories
Technische Textilien L?rrach GmbH & Co. KG,https://texcare.messefrankfurt.com/frankfurt/en/exhibitor-search.detail.html/technische-textilien-loerrach-gmbh--co-kg.html#exhibitorheadline,Textiles and accessories
Thermopatch BV,https://texcare.messefrankfurt.com/frankfurt/en/exhibitor-search.detail.html/thermopatch-bv.html#exhibitorheadline,Textiles and accessories
T.H. Service SRL,https://texcare.messefrankfurt.com/frankfurt/en/exhibitor-search.detail.html/th-service-srl.html#exhibitorheadline,Textiles and accessories
Wamzak Corporation,https://texcare.messefrankfurt.com/frankfurt/en/exhibitor-search.detail.html/wamzak-corporation.html#exhibitorheadline,Textiles and accessories
Welspun Living Limited,https://texcare.messefrankfurt.com/frankfurt/en/exhibitor-search.detail.html/welspun-global-brands-limited.html#exhibitorheadline,Textiles and accessories
Z?llner GmbH,https://texcare.messefrankfurt.com/frankfurt/en/exhibitor-search.detail.html/zoellner-gmbh.html#exhibitorheadline,Textiles and accessories
ZOLLNER Objekttextil GmbH,https://texcare.messefrankfurt.com/frankfurt/en/exhibitor-search.detail.html/zollner-objekttextil-gmbh.html#exhibitorheadline,Textiles and accessories
Abg Systems Spa,https://texcare.messefrankfurt.com/frankfurt/en/exhibitor-search.detail.html/abg-systems-spa.html#exhibitorheadline,Logistics and material flow
ALVI Officine Meccaniche Edgardo Viazzo & C. Srl,https://texcare.messefrankfurt.com/frankfurt/en/exhibitor-search.detail.html/alvi-officine-meccaniche-edgardo-viazzo--c-srl.html#exhibitorheadline,Logistics and material flow
ATS-Tanner Banding Systems AG,https://texcare.messefrankfurt.com/frankfurt/en/exhibitor-search.detail.html/ats-tanner-banding-systems-ag.html#exhibitorheadline,Logistics and material flow
Bandall BV,https://texcare.messefrankfurt.com/frankfurt/en/exhibitor-search.detail.html/bandall-bv.html#exhibitorheadline,Logistics and material flow
Conf Industries S.r.l.,https://texcare.messefrankfurt.com/frankfurt/en/exhibitor-search.detail.html/conf-industries-srl.html#exhibitorheadline,Logistics and material flow
Dante Bertoni S.r.l.,https://texcare.messefrankfurt.com/frankfurt/en/exhibitor-search.detail.html/dante-bertoni-srl.html#exhibitorheadline,Logistics and material flow
D?chting Software & Consulting GmbH,https://texcare.messefrankfurt.com/frankfurt/en/exhibitor-search.detail.html/duechting-software--consulting-gmbh.html#exhibitorheadline,Logistics and material flow
F.B. Italy di Fabio Bruno,https://texcare.messefrankfurt.com/frankfurt/en/exhibitor-search.detail.html/fb-italy-di-fabio-bruno.html#exhibitorheadline,Logistics and material flow
FETCHTECH PTE LTD,https://texcare.messefrankfurt.com/frankfurt/en/exhibitor-search.detail.html/fetchtech-pte-ltd.html#exhibitorheadline,Logistics and material flow
Flexco Europe GmbH,https://texcare.messefrankfurt.com/frankfurt/en/exhibitor-search.detail.html/flexco-europe-gmbh.html#exhibitorheadline,Logistics and material flow
hawo GmbH,https://texcare.messefrankfurt.com/frankfurt/en/exhibitor-search.detail.html/hawo-gmbh.html#exhibitorheadline,Logistics and material flow
JENSEN-GROUP,https://texcare.messefrankfurt.com/frankfurt/en/exhibitor-search.detail.html/jensen-group.html#exhibitorheadline,Logistics and material flow
"JFC Manufacturing Co., Ltd.",https://texcare.messefrankfurt.com/frankfurt/en/exhibitor-search.detail.html/jfc-manufacturing-co-ltd.html#exhibitorheadline,Logistics and material flow
Herbert Kannegiesser GmbH,https://texcare.messefrankfurt.com/frankfurt/en/exhibitor-search.detail.html/herbert-kannegiesser-gmbh.html#exhibitorheadline,Logistics and material flow
KEMAS GmbH,https://texcare.messefrankfurt.com/frankfurt/en/exhibitor-search.detail.html/kemas-gesellschaft-fuer-elektronik-elektromechanik-mechanik-und-systeme-mbh.html#exhibitorheadline,Logistics and material flow
La Fabrica De Software y Hardware SL,https://texcare.messefrankfurt.com/frankfurt/en/exhibitor-search.detail.html/la-fabrica-de-software-y-hardware-sl.html#exhibitorheadline,Logistics and material flow
Lautratex,https://texcare.messefrankfurt.com/frankfurt/en/exhibitor-search.detail.html/lautratex-bv.html#exhibitorheadline,Logistics and material flow
LCT-Textilligence,https://texcare.messefrankfurt.com/frankfurt/en/exhibitor-search.detail.html/laundry-computer-technics-bv.html#exhibitorheadline,Logistics and material flow
MATO GmbH & Co. KG,https://texcare.messefrankfurt.com/frankfurt/en/exhibitor-search.detail.html/mato-gmbh--co-kg.html#exhibitorheadline,Logistics and material flow
Metalprogetti S.p.A.,https://texcare.messefrankfurt.com/frankfurt/en/exhibitor-search.detail.html/metalprogetti-spa.html#exhibitorheadline,Logistics and material flow
Montanari Engineering Construction S.r.l.,https://texcare.messefrankfurt.com/frankfurt/en/exhibitor-search.detail.html/montanari--engineering-construction-srl.html#exhibitorheadline,Logistics and material flow
Niverplast BV,https://texcare.messefrankfurt.com/frankfurt/en/exhibitor-search.detail.html/niverplast-bv.html#exhibitorheadline,Logistics and material flow
Norchem Corporation,https://texcare.messefrankfurt.com/frankfurt/en/exhibitor-search.detail.html/norchem-corporation.html#exhibitorheadline,Logistics and material flow
ORA,https://texcare.messefrankfurt.com/frankfurt/en/exhibitor-search.detail.html/ora-sas.html#exhibitorheadline,Logistics and material flow
Picchi s.n.c.,https://texcare.messefrankfurt.com/frankfurt/en/exhibitor-search.detail.html/picchi-snc.html#exhibitorheadline,Logistics and material flow
"Wuhu Pono Plastics Co., Ltd.",https://texcare.messefrankfurt.com/frankfurt/en/exhibitor-search.detail.html/wuhu-pono-plastics-co-ltd.html#exhibitorheadline,Logistics and material flow
Railtechniek Van Herwijnen B.V.,https://texcare.messefrankfurt.com/frankfurt/en/exhibitor-search.detail.html/railtechniek-van-herwijnen-bv.html#exhibitorheadline,Logistics and material flow
RATIOPLAN Transportger?te GmbH,https://texcare.messefrankfurt.com/frankfurt/en/exhibitor-search.detail.html/ratioplan-transportgeraete-gmbh.html#exhibitorheadline,Logistics and material flow
Saier Dosiertechnik GmbH,https://texcare.messefrankfurt.com/frankfurt/en/exhibitor-search.detail.html/saier-dosiertechnik-gmbh.html#exhibitorheadline,Logistics and material flow
SAMARIT CZ s.r.o.,https://texcare.messefrankfurt.com/frankfurt/en/exhibitor-search.detail.html/samarit-cz-sro.html#exhibitorheadline,Logistics and material flow
Hans-Joachim Schneider GmbH,https://texcare.messefrankfurt.com/frankfurt/en/exhibitor-search.detail.html/hans-joachim-schneider-gmbh.html#exhibitorheadline,Logistics and material flow
SCI-Services SA,https://texcare.messefrankfurt.com/frankfurt/en/exhibitor-search.detail.html/sci-services-sa.html#exhibitorheadline,Logistics and material flow
Seewald Transportger?te GmbH,https://texcare.messefrankfurt.com/frankfurt/en/exhibitor-search.detail.html/seewald-transportgeraete-gmbh.html#exhibitorheadline,Logistics and material flow
sewts GmbH,https://texcare.messefrankfurt.com/frankfurt/en/exhibitor-search.detail.html/sewts-gmbh.html#exhibitorheadline,Logistics and material flow
Sumal S.L.U.,https://texcare.messefrankfurt.com/frankfurt/en/exhibitor-search.detail.html/sumal-slu.html#exhibitorheadline,Logistics and material flow
Texomatic GmbH,https://texcare.messefrankfurt.com/frankfurt/en/exhibitor-search.detail.html/texomatic-gmbh.html#exhibitorheadline,Logistics and material flow
Thielen Automation GmbH,https://texcare.messefrankfurt.com/frankfurt/en/exhibitor-search.detail.html/thielen-automation-gmbh.html#exhibitorheadline,Logistics and material flow
"Hebei Titan Intelligence Technology Co., Ltd.",https://texcare.messefrankfurt.com/frankfurt/en/exhibitor-search.detail.html/hebei-titan-intelligence-technology-co-ltd.html#exhibitorheadline,Logistics and material flow
Wamzak Corporation,https://texcare.messefrankfurt.com/frankfurt/en/exhibitor-search.detail.html/wamzak-corporation.html#exhibitorheadline,Logistics and material flow
WSP Systems B.V.,https://texcare.messefrankfurt.com/frankfurt/en/exhibitor-search.detail.html/wsp-systems-bv.html#exhibitorheadline,Logistics and material flow
"Shenzhen Zhilai Sci And Tech Co., Ltd.",https://texcare.messefrankfurt.com/frankfurt/en/exhibitor-search.detail.html/shenzhen-zhilai-sci-and-tech-co-ltd.html#exhibitorheadline,Logistics and material flow
Zucchetti Centro Sistemi S.p.A.,https://texcare.messefrankfurt.com/frankfurt/en/exhibitor-search.detail.html/zucchetti-centro-sistemi-spa.html#exhibitorheadline,Logistics and material flow
Abg Systems Spa,https://texcare.messefrankfurt.com/frankfurt/en/exhibitor-search.detail.html/abg-systems-spa.html#exhibitorheadline,Information Technology
ABS Laundry Business Solutions,https://texcare.messefrankfurt.com/frankfurt/en/exhibitor-search.detail.html/abs-holding-international-bv.html#exhibitorheadline,Information Technology
AdvanTex Software GmbH & Co. KG,https://texcare.messefrankfurt.com/frankfurt/en/exhibitor-search.detail.html/advantex-software-gmbh--co-kg.html#exhibitorheadline,Information Technology
ATS-Tanner Banding Systems AG,https://texcare.messefrankfurt.com/frankfurt/en/exhibitor-search.detail.html/ats-tanner-banding-systems-ag.html#exhibitorheadline,Information Technology
aurora Objektw?sche GmbH,https://texcare.messefrankfurt.com/frankfurt/en/exhibitor-search.detail.html/aurora-objektwaesche-gmbh.html#exhibitorheadline,Information Technology
CARTESIA SRL,https://texcare.messefrankfurt.com/frankfurt/en/exhibitor-search.detail.html/cartesia-srl.html#exhibitorheadline,Information Technology
CKSQUARE Sarl.,https://texcare.messefrankfurt.com/frankfurt/en/exhibitor-search.detail.html/cksquare-sarl.html#exhibitorheadline,Information Technology
CLEANCLOUD LTD,https://texcare.messefrankfurt.com/frankfurt/en/exhibitor-search.detail.html/cleancloud-ltd.html#exhibitorheadline,Information Technology
Datamars SA,https://texcare.messefrankfurt.com/frankfurt/en/exhibitor-search.detail.html/datamars-sa.html#exhibitorheadline,Information Technology
D?chting Software & Consulting GmbH,https://texcare.messefrankfurt.com/frankfurt/en/exhibitor-search.detail.html/duechting-software--consulting-gmbh.html#exhibitorheadline,Information Technology
Fenotag SAS,https://texcare.messefrankfurt.com/frankfurt/en/exhibitor-search.detail.html/fenotag-sas.html#exhibitorheadline,Information Technology
Gotli Labs AG,https://texcare.messefrankfurt.com/frankfurt/en/exhibitor-search.detail.html/gotli-labs-ag.html#exhibitorheadline,Information Technology
henning Datentechnik GmbH,https://texcare.messefrankfurt.com/frankfurt/en/exhibitor-search.detail.html/henning-datentechnik-gmbh-1.html#exhibitorheadline,Information Technology
HID,https://texcare.messefrankfurt.com/frankfurt/en/exhibitor-search.detail.html/hid-corporation-ltd.html#exhibitorheadline,Information Technology
HUAYUAN Tech GmbH,https://texcare.messefrankfurt.com/frankfurt/en/exhibitor-search.detail.html/huayuan-tech-gmbh.html#exhibitorheadline,Information Technology
"Shanghai Jiayulian Technology Co., Ltd.",https://texcare.messefrankfurt.com/frankfurt/en/exhibitor-search.detail.html/shanghai-jiayulian-technology-co-ltd.html#exhibitorheadline,Information Technology
KTS RFID S.R.L.,https://texcare.messefrankfurt.com/frankfurt/en/exhibitor-search.detail.html/kts-rfid-srl.html#exhibitorheadline,Information Technology
Kurtz Software GmbH,https://texcare.messefrankfurt.com/frankfurt/en/exhibitor-search.detail.html/kurtz-software-gmbh.html#exhibitorheadline,Information Technology
Laundry Dashboard B.V.,https://texcare.messefrankfurt.com/frankfurt/en/exhibitor-search.detail.html/laundry-dashboard-bv.html#exhibitorheadline,Information Technology
LCT-Textilligence,https://texcare.messefrankfurt.com/frankfurt/en/exhibitor-search.detail.html/laundry-computer-technics-bv.html#exhibitorheadline,Information Technology
LINENTECH,https://texcare.messefrankfurt.com/frankfurt/en/exhibitor-search.detail.html/linentech-inc.html#exhibitorheadline,Information Technology
Maka S.r.l.,https://texcare.messefrankfurt.com/frankfurt/en/exhibitor-search.detail.html/maka-srl.html#exhibitorheadline,Information Technology
MARK S.r.l.,https://texcare.messefrankfurt.com/frankfurt/en/exhibitor-search.detail.html/mark-srl.html#exhibitorheadline,Information Technology
MiRiCal Emblems Ltd.,https://texcare.messefrankfurt.com/frankfurt/en/exhibitor-search.detail.html/mirical-emblems-ltd.html#exhibitorheadline,Information Technology
Otto ID Solutions GmbH,https://texcare.messefrankfurt.com/frankfurt/en/exhibitor-search.detail.html/otto-id-solutions-gmbh.html#exhibitorheadline,Information Technology
Pourtex GmbH,https://texcare.messefrankfurt.com/frankfurt/en/exhibitor-search.detail.html/pourtex-gmbh.html#exhibitorheadline,Information Technology
Quadus GmbH,https://texcare.messefrankfurt.com/frankfurt/en/exhibitor-search.detail.html/quadus-gmbh.html#exhibitorheadline,Information Technology
"Shenzhen RICH RFID Technology Co., Ltd.",https://texcare.messefrankfurt.com/frankfurt/en/exhibitor-search.detail.html/shenzhen-rich-rfid-technology-co-ltd.html#exhibitorheadline,Information Technology
SMRT Systems Inc.,https://texcare.messefrankfurt.com/frankfurt/en/exhibitor-search.detail.html/smrt-systems-inc.html#exhibitorheadline,Information Technology
SoCom Informationssysteme GmbH,https://texcare.messefrankfurt.com/frankfurt/en/exhibitor-search.detail.html/socom-informationssysteme-gmbh.html#exhibitorheadline,Information Technology
Spindle,https://texcare.messefrankfurt.com/frankfurt/en/exhibitor-search.detail.html/dober-chemical.html#exhibitorheadline,Information Technology
"Spotag Electronics (Jiangsu) Co., Ltd.",https://texcare.messefrankfurt.com/frankfurt/en/exhibitor-search.detail.html/spotag-electronics-jiangsu-co-ltd.html#exhibitorheadline,Information Technology
Thermopatch BV,https://texcare.messefrankfurt.com/frankfurt/en/exhibitor-search.detail.html/thermopatch-bv.html#exhibitorheadline,Information Technology
THERMOTEX NAGEL GmbH,https://texcare.messefrankfurt.com/frankfurt/en/exhibitor-search.detail.html/thermotex-nagel-gmbh.html#exhibitorheadline,Information Technology
Thielen Automation GmbH,https://texcare.messefrankfurt.com/frankfurt/en/exhibitor-search.detail.html/thielen-automation-gmbh.html#exhibitorheadline,Information Technology
Ubi Solutions SAS,https://texcare.messefrankfurt.com/frankfurt/en/exhibitor-search.detail.html/ubi-solutions-sas.html#exhibitorheadline,Information Technology
Ustek RFID,https://texcare.messefrankfurt.com/frankfurt/en/exhibitor-search.detail.html/ustek-rfid-elektronik-yazilim-as.html#exhibitorheadline,Information Technology
Virtual Laundry Holding BV,https://texcare.messefrankfurt.com/frankfurt/en/exhibitor-search.detail.html/virtual-laundry-holding-bv.html#exhibitorheadline,Information Technology
Wientjens B.V.,https://texcare.messefrankfurt.com/frankfurt/en/exhibitor-search.detail.html/wientjens-bv.html#exhibitorheadline,Information Technology
WOSH,https://texcare.messefrankfurt.com/frankfurt/en/exhibitor-search.detail.html/wosh-srl.html#exhibitorheadline,Information Technology
WSP Systems B.V.,https://texcare.messefrankfurt.com/frankfurt/en/exhibitor-search.detail.html/wsp-systems-bv.html#exhibitorheadline,Information Technology
Zucchetti Centro Sistemi S.p.A.,https://texcare.messefrankfurt.com/frankfurt/en/exhibitor-search.detail.html/zucchetti-centro-sistemi-spa.html#exhibitorheadline,Information Technology
A 13 S.r.l.,https://texcare.messefrankfurt.com/frankfurt/en/exhibitor-search.detail.html/a-13-srl.html#exhibitorheadline,other operational materials
Bandall BV,https://texcare.messefrankfurt.com/frankfurt/en/exhibitor-search.detail.html/bandall-bv.html#exhibitorheadline,other operational materials
"Pujiang County Ainuo Industry & Trade Co., Ltd.",https://texcare.messefrankfurt.com/frankfurt/en/exhibitor-search.detail.html/pujiang-county-ainuo-industry--trade-co-ltd.html#exhibitorheadline,other operational materials
DR. SCHNELL GmbH & Co. KGaA,https://texcare.messefrankfurt.com/frankfurt/en/exhibitor-search.detail.html/dr-schnell-chemie-gmbh--co-kg.html#exhibitorheadline,other operational materials
F.B. Italy di Fabio Bruno,https://texcare.messefrankfurt.com/frankfurt/en/exhibitor-search.detail.html/fb-italy-di-fabio-bruno.html#exhibitorheadline,other operational materials
Fenotag SAS,https://texcare.messefrankfurt.com/frankfurt/en/exhibitor-search.detail.html/fenotag-sas.html#exhibitorheadline,other operational materials
Machinefabriek Goudkuil Apeldoorn B. V.,https://texcare.messefrankfurt.com/frankfurt/en/exhibitor-search.detail.html/machinefabriek-goudkuil-apeldoorn-b-v.html#exhibitorheadline,other operational materials
hawo GmbH,https://texcare.messefrankfurt.com/frankfurt/en/exhibitor-search.detail.html/hawo-gmbh.html#exhibitorheadline,other operational materials
HUAYUAN Tech GmbH,https://texcare.messefrankfurt.com/frankfurt/en/exhibitor-search.detail.html/huayuan-tech-gmbh.html#exhibitorheadline,other operational materials
"JLT Co., Ltd.",https://texcare.messefrankfurt.com/frankfurt/en/exhibitor-search.detail.html/jlt-co-ltd.html#exhibitorheadline,other operational materials
MEVO Metzler GmbH,https://texcare.messefrankfurt.com/frankfurt/en/exhibitor-search.detail.html/mevo-metzler-gmbh.html#exhibitorheadline,other operational materials
Nuova Folati SpA,https://texcare.messefrankfurt.com/frankfurt/en/exhibitor-search.detail.html/nuova-folati-spa.html#exhibitorheadline,other operational materials
?zdemir Kece San. Tic. Ltd. Sti.,https://texcare.messefrankfurt.com/frankfurt/en/exhibitor-search.detail.html/oezdemir-kece-san-tic-ltd-sti.html#exhibitorheadline,other operational materials
ORA,https://texcare.messefrankfurt.com/frankfurt/en/exhibitor-search.detail.html/ora-sas.html#exhibitorheadline,other operational materials
Pir Inci Bujiteri Imalat San. Tic. A.S.,https://texcare.messefrankfurt.com/frankfurt/en/exhibitor-search.detail.html/pir-inci-bujiteri-imalat-san-tic-as.html#exhibitorheadline,other operational materials
REWAKON GmbH,https://texcare.messefrankfurt.com/frankfurt/en/exhibitor-search.detail.html/rewakon-gmbh.html#exhibitorheadline,other operational materials
Roll Over Sp. z o.o.,https://texcare.messefrankfurt.com/frankfurt/en/exhibitor-search.detail.html/roll-over-sp-zoo.html#exhibitorheadline,other operational materials
Ronsenterprises Sp z o o,https://texcare.messefrankfurt.com/frankfurt/en/exhibitor-search.detail.html/ronsenterprises-sp-z-o-o.html#exhibitorheadline,other operational materials
Hans-Joachim Schneider GmbH,https://texcare.messefrankfurt.com/frankfurt/en/exhibitor-search.detail.html/hans-joachim-schneider-gmbh.html#exhibitorheadline,other operational materials
Severnside Fabrics Ltd,https://texcare.messefrankfurt.com/frankfurt/en/exhibitor-search.detail.html/severnside-fabrics-ltd.html#exhibitorheadline,other operational materials
Technische Textilien L?rrach GmbH & Co. KG,https://texcare.messefrankfurt.com/frankfurt/en/exhibitor-search.detail.html/technische-textilien-loerrach-gmbh--co-kg.html#exhibitorheadline,other operational materials
Thermopatch BV,https://texcare.messefrankfurt.com/frankfurt/en/exhibitor-search.detail.html/thermopatch-bv.html#exhibitorheadline,other operational materials
Ubi Solutions SAS,https://texcare.messefrankfurt.com/frankfurt/en/exhibitor-search.detail.html/ubi-solutions-sas.html#exhibitorheadline,other operational materials
Berufsgenossenschaft Energie Textil Elektro Medienerzeugnisse-BG ETEM,https://texcare.messefrankfurt.com/frankfurt/en/exhibitor-search.detail.html/berufsgenossenschaft-energie-textil-elektro-medienerzeugnisse-bg-etem.html#exhibitorheadline,"Services, associations, consultancy, training"
Chainge,https://texcare.messefrankfurt.com/frankfurt/en/exhibitor-search.detail.html/chainge.html#exhibitorheadline,"Services, associations, consultancy, training"
DR. SCHNELL GmbH & Co. KGaA,https://texcare.messefrankfurt.com/frankfurt/en/exhibitor-search.detail.html/dr-schnell-chemie-gmbh--co-kg.html#exhibitorheadline,"Services, associations, consultancy, training"
EXPO DETERGO S.r.l.,https://texcare.messefrankfurt.com/frankfurt/en/exhibitor-search.detail.html/expo-detergo-srl.html#exhibitorheadline,"Services, associations, consultancy, training"
Gesamtverband der deutschen Textil- und Modeindustrie e.V.,https://texcare.messefrankfurt.com/frankfurt/en/exhibitor-search.detail.html/gesamtverband-der-deutschen-textil--und-modeindustrie-ev.html#exhibitorheadline,"Services, associations, consultancy, training"
G?tegemeinschaft Verantwortungsvoller Textilservice e.V.,https://texcare.messefrankfurt.com/frankfurt/en/exhibitor-search.detail.html/guetegemeinschaft-verantwortungsvoller-textilservice-ev.html#exhibitorheadline,"Services, associations, consultancy, training"
Hohenstein Laboratories GmbH & Co. KG,https://texcare.messefrankfurt.com/frankfurt/en/exhibitor-search.detail.html/hohenstein-laboratories-gmbh--co-kg.html#exhibitorheadline,"Services, associations, consultancy, training"
Holzmann Medien GmbH & Co. KG,https://texcare.messefrankfurt.com/frankfurt/en/exhibitor-search.detail.html/holzmann-medien-gmbh--co-kg.html#exhibitorheadline,"Services, associations, consultancy, training"
Verband Textilpflege Schweiz,https://texcare.messefrankfurt.com/frankfurt/en/exhibitor-search.detail.html/verband-textilpflege-schweiz.html#exhibitorheadline,"Services, associations, consultancy, training"
Berufsgenossenschaft Energie Textil Elektro Medienerzeugnisse-BG ETEM,https://texcare.messefrankfurt.com/frankfurt/en/exhibitor-search.detail.html/berufsgenossenschaft-energie-textil-elektro-medienerzeugnisse-bg-etem.html#exhibitorheadline,"Research, development and testing"
CHT Germany GmbH,https://texcare.messefrankfurt.com/frankfurt/en/exhibitor-search.detail.html/cht-germany-gmbh.html#exhibitorheadline,"Research, development and testing"
Gesamtverband der deutschen Textil- und Modeindustrie e.V.,https://texcare.messefrankfurt.com/frankfurt/en/exhibitor-search.detail.html/gesamtverband-der-deutschen-textil--und-modeindustrie-ev.html#exhibitorheadline,"Research, development and testing"
Hohenstein Laboratories GmbH & Co. KG,https://texcare.messefrankfurt.com/frankfurt/en/exhibitor-search.detail.html/hohenstein-laboratories-gmbh--co-kg.html#exhibitorheadline,"Research, development and testing"
wfk - Cleaning Technology Institute e.V.,https://texcare.messefrankfurt.com/frankfurt/en/exhibitor-search.detail.html/wfk---cleaning-technology-institute-ev.html#exhibitorheadline,"Research, development and testing"
